Date,AAPL,AMZN,TSLA
1/3/11,445138400,5331400,6415000
1/4/11,309080800,5031800,5937000
1/5/11,255519600,3418800,7233500
1/6/11,300428800,3179700,10306000
1/7/11,311931200,5221700,11239500
1/10/11,448560000,3375900,6713500
1/11/11,444108000,2814200,8551000
1/12/11,302590400,2679100,4822000
1/13/11,296780400,3367000,3618000
1/14/11,308840000,3662800,5960000
1/18/11,1880998000,3896200,8108500
1/19/11,1135612800,3882400,11857500
1/20/11,764789200,5709900,11399500
1/21/11,754401200,6806200,6085000
1/24/11,574683200,5600300,8225500
1/25/11,546868000,4651000,6357500
1/26/11,506875600,3762200,5399500
1/27/11,285026000,14594400,4478500
1/28/11,592057200,19908200,5242000
1/31/11,377246800,6718100,4151500
2/1/11,426633200,5085900,3539000
2/2/11,258955200,4547500,2847500
2/3/11,393797600,3678900,2560000
2/4/11,321840400,4347800,2720000
2/7/11,485021600,5254700,4475500
2/8/11,381040800,7794900,17524500
2/9/11,482745200,8312700,13178000
2/10/11,928550000,5331400,4180500
2/11/11,367572800,4487900,3172500
2/14/11,310416400,4061300,6415500
2/15/11,284174800,3890900,4768500
2/16/11,481157600,4628200,20575500
2/17/11,530583200,3425500,13092000
2/18/11,816057200,4178600,11853500
2/22/11,872555600,5637100,10323000
2/23/11,671854400,5482000,8028000
2/24/11,499900800,4656500,5276500
2/25/11,380018800,4191400,6731500
2/28/11,403074000,6783200,5256000
3/1/11,456136800,5847100,5532000
3/2/11,602590800,5185700,3316500
3/3/11,500788400,4138200,3201000
3/4/11,453266800,4924300,7900500
3/7/11,546123200,5932900,10168000
3/8/11,356316800,4219000,6999500
3/9/11,453306000,7108900,4624000
3/10/11,507539200,5998400,5085000
3/11/11,471080400,4609900,4654000
3/14/11,435957200,4022000,5830000
3/15/11,721081200,4934500,6594000
3/16/11,1162011200,5208100,5848500
3/17/11,659422400,6471400,4613000
3/18/11,753214000,7442700,3439500
3/21/11,409402000,4055100,2058500
3/22/11,325922800,3611400,2914500
3/23/11,372996400,4721300,2114000
3/24/11,404712000,6283200,2311000
3/25/11,448910000,4293800,2840000
3/28/11,309355200,3400800,5290500
3/29/11,352900800,4884600,3777000
3/30/11,329406000,6859300,6116500
3/31/11,274019200,4826500,57589000
4/1/11,418661600,5684100,14324000
4/4/11,460084800,4186400,13046500
4/5/11,482731200,5569200,15904500
4/6/11,402539200,5430700,6441500
4/7/11,373447200,4564000,14051500
4/8/11,377535200,3726400,9732000
4/11/11,398946800,3297100,6847000
4/12/11,425639200,5334500,6787000
4/13/11,346220000,4216300,6057500
4/14/11,301800800,3588200,4917000
4/15/11,453605600,4272400,4717500
4/18/11,609898800,4616500,5169500
4/19/11,419378400,2646000,2743500
4/20/11,700666400,4067500,4186000
4/21/11,753810400,3348100,6930500
4/25/11,266546000,3438100,4004500
4/26/11,338800000,11200000,7000000
4/27/11,356213200,23623000,4984500
4/28/11,360959200,7300000,8000000
4/29/11,1006345200,6640900,3630000
5/2/11,442713600,9398100,3923000
5/3/11,313348000,6100000,4569500
5/4/11,389250400,6550000,5222500
5/5/11,335969200,4600000,6092500
5/6/11,280134400,4013900,4908500
5/9/11,204747200,5825400,4582000
5/10/11,282091600,5885900,7676500
5/11/11,336000000,4809000,4812500
5/12/11,322000000,4800000,3140000
5/13/11,326116000,4123700,3307500
5/16/11,449775200,9386400,3778500
5/17/11,452334400,7073300,6171000
5/18/11,334776400,4955800,3647500
5/19/11,261170000,3701200,13275500
5/20/11,337968400,3381000,4212500
5/23/11,383600000,4200000,4318000
5/24/11,321927200,2972700,3068500
5/25/11,294224000,4661300,23465500
5/26/11,222560800,4075200,16684500
5/27/11,203599200,2352600,8435500
5/31/11,417754400,3409000,16452500
6/1/11,554682800,3445200,7649500
6/2/11,338783200,3044900,4931500
6/3/11,313250000,4974500,31046000
6/6/11,461941200,3716000,11655500
6/7/11,529785200,4866500,6110500
6/8/11,333723600,3716600,8479500
6/9/11,275088800,4187300,8016000
6/10/11,433955200,3760400,7833000
6/13/11,329473200,3868900,8567000
6/14/11,334569200,3960300,7867000
6/15/11,399196000,6317700,6725000
6/16/11,510591200,6032100,9211000
6/17/11,615020000,6322200,8570000
6/20/11,640645600,2831700,7689000
6/21/11,493382400,4182600,7480000
6/22/11,390583200,3129700,7378000
6/23/11,559759200,4609600,5850000
6/24/11,439807200,3614500,18042500
6/27/11,339813600,6100700,9047000
6/28/11,294299600,3825300,4446000
6/29/11,352545200,4608900,7309000
6/30/11,322954800,4448100,4733500
7/1/11,435313200,4008700,4274500
7/5/11,355054000,3585200,4980000
7/6/11,444626000,2607600,4634500
7/7/11,399663600,3144900,6639500
7/8/11,489633200,3707900,6203000
7/11/11,442674400,4033700,4879000
7/12/11,451609200,3985700,5227000
7/13/11,391638800,4229900,5330000
7/14/11,430533600,3902500,5795000
7/15/11,484467200,4072600,3545000
7/18/11,572653200,2898100,4259500
7/19/11,819145600,4437200,5130500
7/20/11,941340400,3372900,15241500
7/21/11,526534400,4545300,5057500
7/22/11,516728800,3591700,2917500
7/25/11,589806000,3342800,3366500
7/26/11,476582400,9863600,3803000
7/27/11,659324400,12955600,4792500
7/28/11,594034000,5354900,4693500
7/29/11,632584400,5167700,4741000
8/1/11,612836000,5789300,5824500
8/2/11,639539600,6586700,7747000
8/3/11,732508000,8197100,8972500
8/4/11,871407600,6579500,15322500
8/5/11,1204590800,10024000,9822000
8/8/11,1143833600,10427500,13042500
8/9/11,1082583600,10491200,6667000
8/10/11,878656800,8757600,7821000
8/11/11,741969200,7401900,4182500
8/12/11,528976000,5620400,5045500
8/15/11,460544000,4785900,3693000
8/16/11,498750000,5205900,2688500
8/17/11,442061200,3991100,3218500
8/18/11,851435200,8275200,5283000
8/19/11,775888400,7244200,6876500
8/22/11,535315200,5313700,4930500
8/23/11,656835200,7351600,4345000
8/24/11,626267600,6248700,3421500
8/25/11,871346000,3760800,3399000
8/26/11,641477200,5310700,3809000
8/29/11,405269200,4511000,4017000
8/30/11,417922400,5915700,1831000
8/31/11,522586400,7405000,4119000
9/1/11,343725200,5275300,4240500
9/2/11,438939200,4232000,3849500
9/6/11,509698000,6216200,4049000
9/7/11,350576800,5295800,2296000
9/8/11,416158400,4397900,2528500
9/9/11,564813200,4574300,3346500
9/12/11,467832400,5342100,2833000
9/13/11,440560400,4835900,3632500
9/14/11,534724400,5881700,4154000
9/15/11,417818800,5608800,2813000
9/16/11,698513200,11753000,7085500
9/19/11,823860800,8223300,5787000
9/20/11,775754000,7385500,5902000
9/21/11,605976000,5881500,4938000
9/22/11,968480800,8254600,3879000
9/23/11,546277200,6468100,5782000
9/26/11,812876400,5794100,4674000
9/27/11,632497600,7837500,3372500
9/28/11,429637600,14436900,3616500
9/29/11,651086800,9378500,4648000
9/30/11,547640800,6550300,6680500
10/3/11,669099200,6624400,5116000
10/4/11,1233677200,8711600,6001500
10/5/11,786469600,6508200,6147500
10/6/11,812582400,6849300,8845500
10/7/11,535458000,6784300,6558000
10/10/11,442514800,5143100,4617500
10/11/11,605687600,5003700,2878500
10/12/11,622286000,6510800,5617000
10/13/11,426185200,4833500,5217500
10/14/11,573367200,5923700,7002500
10/17/11,686044800,4779000,3772500
10/18/11,881602400,4609700,4998500
10/19/11,1104059600,6715100,3964500
10/20/11,549270400,4524900,4998500
10/21/11,621244400,4572500,5713000
10/24/11,502138000,4975800,4703000
10/25/11,430427200,14012600,3272000
10/26/11,456304800,24134200,2552500
10/27/11,494664800,10774300,4347000
10/28/11,322842800,9880400,6320000
10/31/11,385501200,7343300,5670000
11/1/11,531790000,8511800,3176000
11/2/11,327350800,6122000,4376500
11/3/11,441386400,5315000,12548500
11/4/11,302229200,4065800,15164500
11/7/11,270275600,3860000,6331500
11/8/11,400442000,3914500,5839500
11/9/11,558684000,4680600,4768500
11/10/11,744752400,5044600,3736500
11/11/11,653786000,5163100,19341500
11/14/11,432905200,6522200,6628500
11/15/11,430810800,5739000,4455000
11/16/11,349210400,5509400,9166000
11/17/11,479900400,7983100,6746500
11/18/11,371938000,8437500,4514000
11/21/11,447980400,11321200,5158000
11/22/11,409021200,9915600,3663000
11/23/11,428271200,8011300,2259000
11/25/11,254760800,4972000,1198000
11/28/11,346413200,7207300,3406000
11/29/11,375855200,6575100,2955500
11/30/11,405938400,7717000,3801500
12/1/11,387181200,7327700,5151000
12/2/11,379055600,7526200,4014000
12/5/11,357210000,5922100,5800500
12/6/11,283598000,5202000,4759000
12/7/11,304746400,6427300,3371500
12/8/11,376356400,4361100,16529000
12/9/11,296993200,5158800,6197500
12/12/11,301067200,4343200,3793500
12/13/11,338928800,9297300,4970500
12/14/11,406887600,11614200,5819500
12/15/11,256200000,7259900,3501500
12/16/11,421478400,6664100,5148500
12/19/11,235530400,4533600,4935000
12/20/11,337215200,4600100,4216500
12/21/11,262948000,8066700,8527500
12/22/11,202358800,4694900,5047000
12/23/11,269399200,3496500,2957000
12/27/11,265076000,2950900,3887500
12/28/11,228662000,3659500,2876000
12/29/11,215978000,8209300,2441000
12/30/11,179662000,4279800,1699000
1/3/12,302220800,5110800,4640500
1/4/12,260022000,4205200,3150500
1/5/12,271269600,3809100,5027500
1/6/12,318292800,7008400,4931500
1/9/12,394024400,5056900,4485000
1/10/12,258196400,3985800,3359000
1/11/12,215084800,3102700,3361500
1/12/12,212587200,5385800,3646500
1/13/12,226021600,4753500,27502000
1/17/12,242897200,5644500,23258000
1/18/12,276791200,7473500,6301000
1/19/12,261738400,7096000,6231500
1/20/12,413974400,5610300,3311500
1/23/12,306062400,4585300,2973000
1/24/12,547638000,4673800,4290000
1/25/12,958314000,4306400,3056000
1/26/12,323985200,5873600,6355500
1/27/12,299709200,4659000,3742000
1/30/12,379341200,5424100,3645000
1/31/12,391683600,12772200,4782000
2/1/12,270046000,21336600,2616000
2/2/12,186796400,8736300,4028500
2/3/12,286599600,8120500,3822500
2/6/12,249412800,5310000,3260500
2/7/12,316223600,5103900,5108000
2/8/12,407890000,5476600,3118500
2/9/12,884214800,7189200,6385500
2/10/12,631302000,5797100,9371000
2/13/12,517216000,6071400,5789500
2/14/12,460398400,9527100,9054000
2/15/12,1506120000,7794400,13809000
2/16/12,944552000,12563800,11098500
2/17/12,535805200,7418100,6883500
2/21/12,605595200,6756500,5679000
2/22/12,483302400,5785400,8273000
2/23/12,568027600,5153800,4102000
2/24/12,415072000,3668700,4799500
2/27/12,547582000,3706200,3030000
2/28/12,600387200,5764500,3061000
2/29/12,952011200,5300300,2678500
3/1/12,683270000,4936000,3517500
3/2/12,431712400,3657800,2750000
3/5/12,809124400,4682700,2335000
3/6/12,810238800,5612200,2869000
3/7/12,798520800,4951500,1824500
3/8/12,516457200,4221500,3166500
3/9/12,418919200,4510600,7767000
3/12/12,407282400,2587600,9816500
3/13/12,690855200,4405800,5008000
3/14/12,1418844000,3699700,4257500
3/15/12,1159718000,4160100,2858000
3/16/12,825487600,4934000,3646500
3/19/12,901236000,3903400,5078000
3/20/12,816662000,9165400,2835000
3/21/12,644042000,4214400,3036000
3/22/12,623870800,3739600,2612000
3/23/12,430488800,5984000,5853000
3/26/12,595742000,7613700,15702500
3/27/12,607129600,9600800,12696000
3/28/12,655460400,6245000,4775000
3/29/12,608238400,5711200,3982000
3/30/12,731038000,4438100,4432000
4/2/12,598351600,6430300,5143000
4/3/12,834559600,5000700,5490500
4/4/12,572980800,5456900,22409000
4/5/12,641298000,3217500,7547000
4/9/12,597536800,3135900,8278500
4/10/12,889725200,4455000,9238500
4/11/12,696614800,4337800,5527500
4/12/12,614336800,4027900,5169500
4/13/12,859644800,3431800,3248000
4/16/12,1050786800,4044300,5498000
4/17/12,1025528000,2829200,5577500
4/18/12,954531200,4001900,4115500
4/19/12,834719200,4002400,3874500
4/20/12,1030985200,3243600,4109000
4/23/12,966529200,3481000,4454000
4/24/12,1076149200,3376300,3372500
4/25/12,905777600,3955100,3561000
4/26/12,536068400,10234000,2126500
4/27/12,406722400,22116900,2955000
4/30/12,506144800,9756900,2069500
5/1/12,610999200,6754900,3295000
5/2/12,427389200,4593400,2486500
5/3/12,390549600,4055500,4206500
5/4/12,529992400,4585200,6237500
5/7/12,460118400,3314300,5790000
5/8/12,497252000,4522400,15486000
5/9/12,480704000,3712000,9739500
5/10/12,333200000,4648400,27781500
5/11/12,399546000,4193600,6106500
5/14/12,352626400,3096600,6904500
5/15/12,476336000,5713700,7928500
5/16/12,560896000,5261800,6285500
5/17/12,717220000,4505500,5745000
5/18/12,732292400,5231700,8082500
5/21/12,631106000,3579800,7376000
5/22/12,694870400,3733100,11831000
5/23/12,584897600,4243800,6102000
5/24/12,496230000,3141100,5378000
5/25/12,328507200,2171400,3785000
5/29/12,380508800,2693900,8250000
5/30/12,529429600,4078200,6536000
5/31/12,491674400,4944000,5593500
6/1/12,520987600,3951500,4429000
6/4/12,556995600,4299600,5154500
6/5/12,388214400,3543900,3154500
6/6/12,401455600,2710100,4549500
6/7/12,379766800,3503900,2460500
6/8/12,347516400,2877000,4405500
6/11/12,591264800,3749100,3180000
6/12/12,435380400,2833300,2845000
6/13/12,293580000,2325200,4220500
6/14/12,345573200,3060900,4361000
6/15/12,335255200,3785200,3234000
6/18/12,440412000,3369600,6284000
6/19/12,361404400,2716600,4555500
6/20/12,358943200,2444400,17112000
6/21/12,326351200,2843000,9459500
6/22/12,284471600,2187500,15233000
6/25/12,304382400,2382300,7492500
6/26/12,276536400,3754100,13069500
6/27/12,202997200,2799200,5236000
6/28/12,282836400,2994800,4570500
6/29/12,421500800,3614400,5629000
7/2/12,400092000,2330700,6578000
7/3/12,241712800,1331700,4735000
7/5/12,484383200,2682300,6269000
7/6/12,418930400,3203200,3922500
7/9/12,379405600,1922000,4552500
7/10/12,511957600,2982100,3792000
7/11/12,469322000,2734700,3193000
7/12/12,428041600,2616200,5628500
7/13/12,311427200,2221900,6524000
7/16/12,301260400,2004200,8720000
7/17/12,293624800,1987000,12846500
7/18/12,252700000,2093000,14409500
7/19/12,436861600,5449400,7179500
7/20/12,397471200,4170000,7842500
7/23/12,487975600,5515100,6934000
7/24/12,565132400,5008700,7501500
7/25/12,877312800,3646700,14211000
7/26/12,406632800,6937400,11311500
7/27/12,403936400,11313900,8365000
7/30/12,379142400,3736400,10326000
7/31/12,462327600,3453600,7875500
8/1/12,384501600,2543800,7961500
8/2/12,332158400,3048100,6525500
8/3/12,344920800,2825300,6047500
8/6/12,302103200,1843700,7641000
8/7/12,290446800,2058300,11936000
8/8/12,244706000,1534300,6544500
8/9/12,221642400,1548100,3363000
8/10/12,194938800,1852500,3537000
8/13/12,278832400,1997300,4350500
8/14/12,340169200,2751000,3967000
8/15/12,257342400,3264700,2627000
8/16/12,254534000,4312100,3345000
8/17/12,442761200,3085800,2541000
8/20/12,613384800,1889900,5895500
8/21/12,812719600,2571500,3808000
8/22/12,565322800,2473700,3877500
8/23/12,420128800,2453900,7355000
8/24/12,437340400,3698800,7147000
8/27/12,427008400,2929700,6752000
8/28/12,267416800,2742300,7013500
8/29/12,202806800,1772600,4194500
8/30/12,302699600,3647500,3282000
8/31/12,338321200,3347500,2699000
9/4/12,367892000,3950800,3762500
9/5/12,336375200,2652600,3196500
9/6/12,391196400,5361400,4208500
9/7/12,329666400,5029500,4766000
9/10/12,487998000,2567200,7416500
9/11/12,503983200,2524800,5074500
9/12/12,712233200,2273200,5726000
9/13/12,598360000,3525600,7423500
9/14/12,600474000,3666200,7683000
9/17/12,398031200,2306300,16064000
9/18/12,373503200,2215000,8942500
9/19/12,326874800,2636800,5242500
9/20/12,336568400,2913600,4562000
9/21/12,571589200,6059300,9350000
9/24/12,639766400,2707900,6509500
9/25/12,518789600,4405800,28402000
9/26/12,576503200,2920500,7636000
9/27/12,594090000,3397400,8793000
9/28/12,535110800,2456600,21717000
10/1/12,543594800,2581200,4422000
10/2/12,627992400,2195800,3645000
10/3/12,424281200,2745600,5264000
10/4/12,370725600,2700400,7706500
10/5/12,594006000,2806500,4693000
10/8/12,637994000,1762300,4448500
10/9/12,838597200,3494800,5965000
10/10/12,510356000,3948300,2518000
10/11/12,546081200,3447300,2253000
10/12/12,460014800,2203200,4938000
10/15/12,432502000,2959800,7343500
10/16/12,549771600,2204100,2396500
10/17/12,389037600,3302700,3340000
10/18/12,476624400,5305300,3705000
10/19/12,744086000,4395300,5137000
10/22/12,546730800,4500000,2351000
10/23/12,707145600,4430800,3745000
10/24/12,558527200,3678700,5082000
10/25/12,656325600,6741300,2888500
10/26/12,1018432800,11367500,2387000
10/31/12,510003200,4797600,3876000
11/1/12,361298000,3905100,5120500
11/2/12,599373600,3374700,5151500
11/5/12,529135600,1846100,10244500
11/6/12,374917200,2661300,11620000
11/7/12,793648800,3624200,8572500
11/8/12,1056146000,2982400,6370000
11/9/12,929913600,3092500,4315000
11/12/12,515802000,2128800,2779500
11/13/12,532949200,2629800,4991500
11/14/12,477170400,3034100,4356500
11/15/12,789910800,3404700,4920000
11/16/12,1266893600,4352800,4543500
11/19/12,823317600,3591200,6962000
11/20/12,642754000,2771700,4612500
11/21/12,373002000,2959300,4816000
11/23/12,272826400,1776800,2151500
11/26/12,630579600,4178300,2479000
11/27/12,533330000,3048500,4554000
11/28/12,520864400,2743400,7626000
11/29/12,514698800,5310500,5517000
11/30/12,391319600,3797400,7101500
12/3/12,364280000,2990600,10428500
12/4/12,557068400,3114700,6316500
12/5/12,1044638000,2852200,3307500
12/6/12,1177212400,3557900,3302000
12/7/12,787040800,2170300,3322000
12/10/12,630484400,3503800,4649000
12/11/12,592345600,4185200,7863000
12/12/12,487144000,2628100,10319000
12/13/12,625259600,2460200,10756500
12/14/12,1009579200,2526900,5115000
12/17/12,757607200,2277000,4124500
12/18/12,625685200,4961000,7769500
12/19/12,449369200,2300000,6494000
12/20/12,481689600,2584600,4606000
12/21/12,596268400,4704600,7462000
12/24/12,175753200,984400,1879000
12/26/12,302436400,4152700,3007000
12/27/12,455120400,3639300,2805500
12/28/12,354278400,1858700,2070500
12/31/12,659492400,3419000,2974500
1/2/13,560518000,3271000,5974000
1/3/13,352965200,2750900,3710000
1/4/13,594333600,1874200,3370000
1/7/13,484156400,4910000,2210000
1/8/13,458707200,3010700,6420000
1/9/13,407604400,2265600,3490000
1/10/13,601146000,2863400,4612500
1/11/13,350506800,2413300,7816000
1/14/13,734207600,4275000,4625500
1/15/13,876772400,2326900,8121000
1/16/13,690804800,2065600,6891000
1/17/13,453678400,1884600,7183500
1/18/13,472922800,2942000,17775500
1/22/13,461546400,2137700,9601000
1/23/13,861509600,2508900,7821500
1/24/13,1460852400,3417000,9852000
1/25/13,1208026400,4968100,6439000
1/28/13,785517600,4321400,9930000
1/29/13,571158000,10172600,7133000
1/30/13,417155200,13075400,4840500
1/31/13,319334400,6772100,4507000
2/1/13,539484400,6115000,5503000
2/4/13,477117200,3723600,5640000
2/5/13,573347600,4012900,6551000
2/6/13,593706400,2770400,9466000
2/7/13,704580800,3975700,5983000
2/8/13,633158400,3879200,5699000
2/11/13,517490400,3403700,16331500
2/12/13,609053200,2943700,11306500
2/13/13,475207600,5293000,4834000
2/14/13,355275200,3463000,4953500
2/15/13,391745200,3979900,10088000
2/19/13,435783600,2854200,13507000
2/20/13,476302400,3528900,15610000
2/21/13,447182400,3637400,45189000
2/22/13,330654800,3124800,12736500
2/25/13,372579200,3032400,14447000
2/26/13,501499600,3348600,13814500
2/27/13,587350400,2908100,9796000
2/28/13,322515200,2667200,9824500
3/1/13,552448400,2957000,7733000
3/4/13,582755600,3453000,8788500
3/5/13,638433600,3686200,10435000
3/6/13,460250000,2050700,5750000
3/7/13,468473600,1939000,5791500
3/8/13,391482000,1879800,4560500
3/11/13,474236000,1904900,7897500
3/12/13,465911600,3246200,6375500
3/13/13,405549200,1884200,4110000
3/14/13,303875600,5226700,10105000
3/15/13,643960800,4865900,16398000
3/18/13,606197200,2720200,6580500
3/19/13,526775200,3738500,5492500
3/20/13,308660800,2738900,7115000
3/21/13,383255600,2806400,5731500
3/22/13,395105200,3124600,2201000
3/25/13,501135600,2513900,11894000
3/26/13,294294000,2421000,9041000
3/27/13,331237200,2874900,6481500
3/28/13,442839600,2473700,5793500
4/1/13,389732000,2524800,70492500
4/2/13,529519200,2631100,33262000
4/3/13,363216000,2413800,28218000
4/4/13,358447600,1964400,11324000
4/5/13,383695200,2557400,7762000
4/8/13,300829200,2295600,8395000
4/9/13,306614000,2156600,8480500
4/10/13,375928000,2322500,10605500
4/11/13,328364400,3090500,17237000
4/12/13,238613200,2866300,15747000
4/15/13,317520000,3326000,8407000
4/16/13,305771200,2137200,15902000
4/17/13,945056000,3135100,10592500
4/18/13,666299200,3137600,16839500
4/19/13,609274400,2602500,15058500
4/22/13,429920400,2119100,19697000
4/23/13,664238400,2270600,18669000
4/24/13,969651200,1852800,13150000
4/25/13,384837600,6116500,13979500
4/26/13,764097600,14030000,18110500
4/29/13,640326400,7117000,18198500
4/30/13,691538400,4248800,27613000
5/1/13,506909200,4391400,13714000
5/2/13,421828400,3936200,15252000
5/3/13,361300800,3514000,16893500
5/6/13,496641600,2347800,21833500
5/7/13,483753200,3133700,49955000
5/8/13,472598000,2677000,33849500
5/9/13,398487600,2769300,143025000
5/10/13,334852000,3145300,125413000
5/13/13,316948800,2149500,112084500
5/14/13,447118000,2700000,185819500
5/15/13,741613600,2720500,84393500
5/16/13,603204000,1643500,108070000
5/17/13,427904400,2527300,95011000
5/20/13,451578400,2209000,41742000
5/21/13,456022000,1741200,44991000
5/22/13,443038400,3332000,42840000
5/23/13,353021200,2000300,60111000
5/24/13,276166800,1696300,80621000
5/28/13,386145200,3471000,98459500
5/29/13,330576400,1903400,125497500
5/30/13,353519600,1667500,80668500
5/31/13,384302800,3374300,75860000
6/3/13,372352400,2543900,95698000
6/4/13,292728800,2088600,44280500
6/5/13,290589600,3512300,61124000
6/6/13,416934000,2476300,47554500
6/7/13,404535600,4632600,53558000
6/10/13,450153200,3086500,46143000
6/11/13,286112400,3097800,36970000
6/12/13,265227200,2238900,45963500
6/13/13,285832400,2649800,29808000
6/14/13,271866000,2150800,32823500
6/17/13,259414400,2884000,35331000
6/18/13,195025600,2146100,43976500
6/19/13,310940000,2827500,42894500
6/20/13,357310800,2984000,50532500
6/21/13,481118400,4201000,58593000
6/24/13,480746000,3863800,35599000
6/25/13,314162800,2449600,29243500
6/26/13,367724000,3029500,33013000
6/27/13,337246000,2519500,43724500
6/28/13,578516400,3193300,28743000
7/1/13,391053600,2888200,54518000
7/2/13,469865200,3238200,60320500
7/3/13,240928800,1373000,24033500
7/5/13,274024800,1985400,34093500
7/8/13,298138400,3046700,39071000
7/9/13,352584400,2775600,43016500
7/10/13,281405600,1810200,28000500
7/11/13,326292400,4007300,37418000
7/12/13,279563200,4539300,56720000
7/15/13,241917200,2245600,49612000
7/16/13,216538000,2660200,161859500
7/17/13,198990400,2029700,130145000
7/18/13,218878800,3063800,56990500
7/19/13,268721600,2973100,29451500
7/22/13,207796400,2520700,48989000
7/23/13,369395600,1999600,38682000
7/24/13,591936800,2000500,34345000
7/25/13,229493600,5405800,26421500
7/26/13,200152400,8817500,48165500
7/29/13,248057600,3211800,48394500
7/30/13,309422400,3053400,65635000
7/31/13,322957600,1891300,31758500
8/1/13,206250800,2971700,26618000
8/2/13,274783600,2502600,31349500
8/5/13,318855600,2233200,51003500
8/6/13,334857600,1849000,46272500
8/7/13,298858000,1961000,91061000
8/8/13,255777200,2343400,136234000
8/9/13,266865200,1950300,44638500
8/12/13,364434000,1504500,74561000
8/13/13,881941200,2349900,43744500
8/14/13,756372400,1415000,58469000
8/15/13,490294000,2261400,50896000
8/16/13,362306000,2422500,35540500
8/19/13,510518400,2477400,40188500
8/20/13,358688400,1586300,32091000
8/21/13,335879600,1815300,31331500
8/22/13,244207600,1422600,52962000
8/23/13,222731600,1961900,64659500
8/26/13,330965600,1711700,120855500
8/27/13,424188800,2476000,87834500
8/28/13,307608000,1457100,73700500
8/29/13,239657600,1566400,47180000
8/30/13,272297200,1534700,55142000
9/3/13,331928800,2897600,60305500
9/4/13,345032800,2438600,57378500
9/5/13,236367600,1816600,33426500
9/6/13,359525600,2292000,43098500
9/9/13,340687200,1643600,71722500
9/10/13,743195600,1778400,44839000
9/11/13,898696400,1742600,29162500
9/12/13,404051200,1606200,30800000
9/13/13,298835600,1350600,27006000
9/16/13,543706800,1808400,37874500
9/17/13,399380800,2296500,27484500
9/18/13,456862000,2946400,27198500
9/19/13,404541200,2350900,77973000
9/20/13,699302800,5302300,67008500
9/23/13,762106800,1884900,40867000
9/24/13,364344400,2033600,31367000
9/25/13,316957200,2008600,41263500
9/26/13,237221600,1989900,33072000
9/27/13,228040400,1657500,29582000
9/30/13,260156400,1623600,44623500
10/1/13,353883600,2396400,38779500
10/2/13,289184000,2217400,103877000
10/3/13,322753200,2674800,119082500
10/4/13,258868400,1815000,72070000
10/7/13,312292400,2083200,57428000
10/8/13,290917200,3166200,68786000
10/9/13,301725200,3247400,76582500
10/10/13,278602800,2555100,44419500
10/11/13,267738800,2163100,41555500
10/14/13,261898000,1939100,38848000
10/15/13,320073600,2261100,54892500
10/16/13,251101200,2170700,41027000
10/17/13,253593200,2648400,33525000
10/18/13,290542000,5969800,29654000
10/21/13,398106800,2522300,57660500
10/22/13,534063600,3935500,56933500
10/23/13,313723200,2818200,66602000
10/24/13,384764800,5884700,54128500
10/25/13,337792000,12036800,37977500
10/28/13,550440800,3635800,39208500
10/29/13,635807200,2185400,70558500
10/30/13,354163600,4502200,42009000
10/31/13,275696400,2466800,46669000
11/1/13,274890000,3331000,35903000
11/4/13,244627600,1938400,65602000
11/5/13,265213200,2007100,112335500
11/6/13,223375600,2282300,155358500
11/7/13,262620400,4246300,111423500
11/8/13,279316800,2656900,112389500
11/11/13,227452400,2261700,69988000
11/12/13,204276800,2343100,74926000
11/13/13,197220800,2773300,63291500
11/14/13,282419200,4159800,61018500
11/15/13,317920400,4491600,49501000
11/18/13,244944000,2737400,115691000
11/19/13,208938800,1904800,99081000
11/20/13,193916800,1771500,69248000
11/21/13,262026800,1964600,59519000
11/22/13,223725600,2965500,55483500
11/25/13,229311600,2972300,51336500
11/26/13,401382800,2724400,69427500
11/27/13,363448400,2269700,61838000
11/29/13,318127600,2406000,48581000
12/2/13,472544800,4714000,38756000
12/3/13,450968000,3702900,128412000
12/4/13,377809600,2355300,65738500
12/5/13,447580000,1906500,46442000
12/6/13,344352400,1984700,39548000
12/9/13,320493600,2761800,45307500
12/10/13,278269600,2736800,53741000
12/11/13,359718800,2451300,35689000
12/12/13,262290000,2123700,53839000
12/13/13,332822000,3025000,52959500
12/16/13,282592800,2251700,33376500
12/17/13,229902400,2343900,52475000
12/18/13,565863200,3489100,57909500
12/19/13,320308800,2427200,63700000
12/20/13,436413600,5033900,37063000
12/23/13,501306400,2659500,26927500
12/24/13,167554800,1380400,49707500
12/26/13,204008000,1868500,35647500
12/27/13,225884400,1986900,27301000
12/30/13,253629600,2487100,22337500
12/31/13,223084400,1996500,21312000
1/2/14,234684800,2137800,30942000
1/3/14,392467600,2210200,23475000
1/6/14,412610800,3170600,26805500
1/7/14,317209200,1916000,25170500
1/8/14,258529600,2316500,30816000
1/9/14,279148800,2103000,26910000
1/10/14,304976000,2679500,37230500
1/13/14,378492800,2844900,31580500
1/14/14,332561600,2340100,138035000
1/15/14,391638800,2678300,102328000
1/16/14,229278000,2601200,59797000
1/17/14,426739600,4505100,46031000
1/21/14,328526800,3122100,48673500
1/22/14,379985200,2060500,35113000
1/23/14,403239200,3025400,39337000
1/24/14,429354800,4458400,38321500
1/27/14,554878800,3936800,43582000
1/28/14,1065523200,2894500,30467000
1/29/14,502810000,3382300,29677500
1/30/14,678501600,10473900,42825000
1/31/14,464797200,16154800,32544000
2/3/14,401464000,10280800,33824500
2/4/14,376681200,4812900,23431500
2/5/14,328344800,4435400,36340000
2/6/14,257765200,3335700,29208000
2/7/14,370280400,4330500,44642500
2/10/14,345559200,3449700,64853500
2/11/14,282256800,3222100,53549500
2/12/14,308100800,6587700,25868500
2/13/14,307398000,4175000,40146500
2/14/14,272924400,3520200,30790000
2/18/14,260251600,4998000,46664000
2/19/14,313768000,4168100,80845000
2/20/14,305858000,3492800,90011500
2/21/14,278784800,4210000,39094000
2/24/14,288909600,3644700,41392000
2/25/14,231952000,3736400,163408500
2/26/14,276217200,3622100,123023000
2/27/14,301882000,3104900,89729000
2/28/14,371968800,3882000,72949000
3/3/14,238781200,2798300,65446500
3/4/14,259140000,2704400,43728000
3/5/14,200062800,3848300,29678500
3/6/14,185488800,2926600,36805500
3/7/14,220729600,2279800,39061500
3/10/14,178584000,2105800,38640500
3/11/14,279224400,2246100,44050500
3/12/14,199326400,2216600,48772000
3/13/14,257742800,6829000,31181500
3/14/14,237199200,4402200,41448500
3/17/14,199544800,2303000,29563000
3/18/14,209647200,2483500,31211500
3/19/14,224756000,2646700,25356500
3/20/14,208398400,2558500,19089500
3/21/14,374046400,5414100,41084500
3/24/14,355700800,4873500,56644000
3/25/14,282293200,4445700,39327000
3/26/14,299768000,4120700,34536500
3/27/14,222031600,5766400,47478500
3/28/14,200564000,3986800,48424000
3/31/14,168669200,4297500,41900000
4/1/14,200760000,3600100,36857000
4/2/14,180420800,4475500,53911500
4/3/14,162344000,6399300,54618500
4/4/14,275251200,12534600,56728000
4/7/14,289850400,7077400,49277500
4/8/14,243888400,6577600,34446500
4/9/14,206169600,5056600,25789500
4/10/14,239652000,6126700,36057500
4/11/14,271717600,7287500,45336000
4/14/14,205674000,4293500,38515000
4/15/14,266490000,5398600,68296500
4/16/14,214765600,4284900,36011000
4/17/14,284334400,4299200,29634000
4/21/14,182548800,2999400,26291000
4/22/14,202563200,3711600,49023500
4/23/14,394940000,3604600,36478000
4/24/14,759911600,9293700,27476000
4/25/14,390275200,16180200,34983500
4/28/14,669485600,14479800,35210000
4/29/14,337377600,6509300,28895500
4/30/14,456640800,4088600,22203000
5/1/14,244048000,4328600,27199500
5/2/14,191514400,3995100,20434000
5/5/14,287067200,2519900,25735000
5/6/14,374564400,4682300,28183500
5/7/14,282864400,7015200,50896500
5/8/14,230297200,3848200,100283000
5/9/14,291597600,4063000,42476000
5/12/14,213208800,3729600,35011500
5/13/14,159737200,3509900,35486000
5/14/14,166404000,3323300,27033500
5/15/14,230846000,4295100,30202000
5/16/14,276256400,3636800,22438500
5/19/14,317755200,2284200,22858500
5/20/14,234836000,4095700,27730500
5/21/14,196859600,3408800,26427000
5/22/14,200760000,2576800,31072500
5/23/14,232209600,3052900,20034000
5/27/14,348866000,4862100,26705500
5/28/14,315481600,2726000,27475500
5/29/14,376474000,2365500,18462500
5/30/14,564020800,4260200,27905500
6/2/14,369350800,2203400,23340500
6/3/14,292709200,2379200,19304000
6/4/14,335482000,2107100,17137000
6/5/14,303805600,7796700,20273000
6/6/14,349938400,5244000,15369000
6/9/14,301660000,3212200,14028500
6/10/14,251108000,3663400,17573500
6/11/14,182724000,4436800,19887500
6/12/14,218996000,4276300,29968500
6/13/14,218100000,2764800,17721500
6/16/14,142244000,2449800,66232000
6/17/14,118904000,2924100,66524500
6/18/14,134056000,6401500,34701000
6/19/14,142112000,5320600,43965500
6/20/14,403592000,6054000,24519500
6/23/14,174776000,2604800,38955500
6/24/14,156144000,2626600,40379500
6/25/14,147476000,2327800,29008000
6/26/14,130516000,2699500,25607000
6/27/14,256116000,2416200,28175000
6/30/14,197929200,2671300,24143000
7/1/14,152892000,3173600,21680500
7/2/14,113860000,2681300,40137000
7/3/14,91567200,1944300,25833500
7/7/14,225872000,2128900,29468500
7/8/14,260888000,4271600,39181000
7/9/14,145744000,3166100,20577000
7/10/14,158744000,2665000,24319500
7/11/14,136072000,8300800,16511500
7/14/14,171240000,5609900,36016000
7/15/14,181911600,4170900,28592500
7/16/14,213585200,3503600,20222500
7/17/14,229192000,3636000,23247000
7/18/14,199952000,3407400,21268500
7/21/14,156316000,2278400,19111000
7/22/14,220788000,2888900,13650000
7/23/14,371672000,2687300,15416500
7/24/14,182916000,7088700,16227500
7/25/14,173876000,17846500,15435500
7/28/14,221272000,5932000,32571500
7/29/14,172572000,2883800,16912000
7/30/14,132040000,3969000,24639000
7/31/14,227372000,5192000,38745500
8/1/14,194044000,7441500,59479000
8/4/14,159832000,4200900,29798500
8/5/14,223732000,2852100,26943000
8/6/14,154232000,2296900,46246500
8/7/14,186844000,2935600,37394500
8/8/14,167460000,2705900,25450500
8/11/14,146340000,2468600,40506500
8/12/14,135180000,1915800,31911500
8/13/14,127664000,4939100,34663000
8/14/14,112464000,3420400,20633000
8/15/14,195804000,3896700,19339500
8/18/14,190288000,2485400,29246000
8/19/14,277596000,1713800,26674000
8/20/14,210796000,1810500,15139500
8/21/14,133912000,1971100,14578000
8/22/14,176736000,2211200,14167000
8/25/14,161080000,1957700,21590500
8/26/14,132608000,3654700,19090000
8/27/14,209476000,2961600,14925500
8/28/14,273840000,2252700,14224500
8/29/14,178380000,1939500,32235500
9/2/14,214256000,2326000,49262000
9/3/14,501684000,1993700,33861500
9/4/14,342872000,3965600,41708500
9/5/14,233828000,2107000,55849500
9/8/14,185426800,2955300,27508000
9/9/14,759385200,4646800,22794000
9/10/14,403478400,3797400,18906500
9/11/14,249412400,2720200,18830500
9/12/14,250504400,3429300,16623000
9/15/14,245266000,4000400,82277000
9/16/14,267632400,3259900,41500500
9/17/14,243706000,4136000,25888500
9/18/14,149197600,2576900,18463000
9/19/14,283609600,6886200,34054500
9/22/14,211153600,3109700,41070500
9/23/14,253608800,2352600,28293500
9/24/14,240687200,2642200,18747500
9/25/14,400368000,2928800,24171000
9/26/14,249482000,3638000,18977000
9/29/14,199065200,1924600,24263500
9/30/14,221056400,2636200,21191500
10/1/14,205965200,3089100,29708500
10/2/14,191031200,3553900,44991000
10/3/14,173878400,3037400,27031500
10/6/14,148204800,2290300,38566500
10/7/14,168376800,2365400,22427500
10/8/14,229618800,3452800,25275500
10/9/14,309506000,3587900,36806500
10/10/14,265326400,3681900,64441500
10/13/14,214333600,4363900,56343500
10/14/14,254754400,3385800,35526500
10/15/14,403734400,5343900,45736500
10/16/14,288618000,4731300,26996500
10/17/14,272718800,4405100,52747000
10/20/14,310069200,3234500,17472000
10/21/14,378495600,3559300,20651500
10/22/14,273052400,3125900,20583000
10/23/14,284298800,9038200,17462000
10/24/14,188215600,19801100,17316500
10/27/14,136750800,5950600,47766500
10/28/14,192243600,5572600,52581500
10/29/14,210751600,4881900,24812500
10/30/14,162619200,4055200,16142000
10/31/14,178557200,4550700,18876500
11/3/14,209130400,3242500,21019000
11/4/14,166297600,3427400,18413000
11/5/14,149743600,4674500,45229500
11/6/14,139874000,3758100,76773500
11/7/14,134766000,2647400,25805000
11/10/14,108782000,2809100,22886000
11/11/14,109769200,3803600,39744000
11/12/14,187769600,2183000,29354000
11/13/14,238091600,3686400,31180000
11/14/14,176254400,8877800,30505500
11/17/14,186986800,4784900,20128500
11/18/14,176896000,3549500,22365000
11/19/14,167476800,3281600,39592500
11/20/14,173582000,3436700,17936000
11/21/14,228717200,4466600,37425500
11/24/14,189803200,2754200,23948500
11/25/14,275361600,2565000,15799000
11/26/14,163073200,1983600,9906000
11/28/14,99257600,3051800,10598500
12/1/14,335256000,4944900,43097000
12/2/14,237395600,2790300,29435000
12/3/14,172253600,5681000,26538500
12/4/14,168178000,3290300,19278000
12/5/14,153275600,3265200,30318000
12/8/14,230659600,3639200,46128000
12/9/14,240832000,4049500,47157500
12/10/14,178261200,3245900,36570500
12/11/14,165606800,3262900,33472000
12/12/14,224112400,3153500,35869000
12/15/14,268872400,3841600,26091500
12/16/14,243162800,6501300,42130500
12/17/14,213647200,4433500,36839000
12/18/14,236024800,7738100,37416500
12/19/14,353719200,8709100,34552500
12/22/14,180670000,4003800,23997000
12/23/14,104113600,2713700,22528500
12/24/14,57918400,1513800,6661000
12/26/14,134884000,2893800,16635000
12/29/14,110395600,3009000,14012500
12/30/14,119526000,2093000,14516000
12/31/14,165613600,2048000,11487500
1/2/15,212818400,2783200,23822000
1/5/15,257142000,2774200,26842500
1/6/15,263188400,3519000,31309500
1/7/15,160423600,2640300,14842000
1/8/15,237458000,3088400,17212500
1/9/15,214798000,2592400,23341500
1/12/15,198603200,3421400,29751500
1/13/15,268367600,4136400,22386500
1/14/15,195826400,5538700,57759500
1/15/15,240056000,4419200,26082500
1/16/15,314053200,3478200,18016000
1/20/15,199599600,3075100,22516000
1/21/15,194303600,10065100,20765000
1/22/15,215185600,5362600,20584500
1/23/15,185859200,4496400,17193000
1/26/15,222460000,3169700,16172500
1/27/15,382274800,2920300,13905000
1/28/15,585908400,3063800,15748000
1/29/15,337745600,8656600,17740500
1/30/15,334982000,23856100,15035000
2/2/15,250956400,10231900,20746000
2/3/15,207662800,6212600,24131000
2/4/15,280598800,4169900,16527000
2/5/15,168984800,7247600,17614500
2/6/15,174826400,3892400,16219500
2/9/15,155559200,2724600,17362000
2/10/15,248034000,2287200,26952500
2/11/15,294247200,2786500,48845500
2/12/15,297898000,2791100,78248000
2/13/15,217088800,3475100,30955000
2/17/15,252609600,3673200,19898000
2/18/15,179566800,2650600,13568000
2/19/15,149449600,2953800,25770500
2/20/15,195793600,3258000,29910500
2/23/15,283896400,2177000,42499000
2/24/15,276912400,1920800,33018000
2/25/15,298846800,3174500,19547500
2/26/15,365150000,2687100,32364500
2/27/15,248059200,2532300,19410500
3/2/15,192386800,2139200,39610500
3/3/15,151265200,1946500,22161500
3/4/15,126665200,2259100,21110000
3/5/15,226068400,2693500,24385000
3/6/15,291368400,2627000,33562000
3/9/15,354114000,2311400,33683500
3/10/15,275426400,3121000,27898500
3/11/15,275756000,2495100,24874500
3/12/15,193450800,2810000,20746500
3/13/15,207309200,2611700,27171500
3/16/15,143497200,2354100,28144000
3/17/15,204092400,2037000,24470500
3/18/15,261083600,2654100,24104500
3/19/15,183238000,1915700,42376000
3/20/15,274780400,3763600,21347500
3/23/15,150838800,2239300,13158000
3/24/15,131369200,2228200,18249500
3/25/15,206620800,3429500,28652000
3/26/15,190291600,2930000,20640000
3/27/15,158184800,2609800,43024500
3/30/15,188398800,1820900,50447500
3/31/15,168362400,2506100,25133000
4/1/15,162485600,2458100,18973000
4/2/15,128880400,1875300,25052000
4/6/15,148776000,3050700,62279000
4/7/15,140049200,1954900,21739500
4/8/15,149316800,2636400,31515500
4/9/15,129936000,2392300,19001000
4/10/15,160752000,2573500,20338500
4/13/15,145460400,1894500,18791000
4/14/15,102098400,2583600,15130000
4/15/15,115881600,1933200,9762000
4/16/15,113476000,2080400,8295500
4/17/15,207828000,3839700,12349500
4/20/15,188217200,5016100,12796500
4/21/15,129740400,4643500,17162500
4/22/15,150618000,3474700,39315000
4/23/15,183083600,7980000,22056000
4/24/15,178103600,17176900,12139000
4/27/15,387816800,5430900,58363000
4/28/15,475696000,4140500,30427000
4/29/15,253544400,3621700,19680500
4/30/15,332781600,3647900,19559500
5/1/15,234050400,3565800,26408500
5/4/15,203953200,2270400,22173000
5/5/15,197085600,2856400,28984500
5/6/15,288564000,2552500,26354500
5/7/15,175763600,2766100,47279500
5/8/15,222201600,2908800,23341000
5/11/15,168143200,2393700,28361500
5/12/15,192640000,1947800,31817000
5/13/15,138776800,1996300,27201000
5/14/15,180814000,1888500,14479500
5/15/15,152832000,4240300,22638000
5/18/15,203531600,2390200,16766000
5/19/15,178532800,2464200,18371000
5/20/15,145819600,2196200,18778000
5/21/15,158921600,4121400,9853000
5/22/15,182384000,2020600,11115500
5/26/15,282790400,2244200,17493500
5/27/15,183332800,2231100,17041000
5/28/15,122933200,1912400,18236500
5/29/15,203538000,3016100,18946500
6/1/15,128451200,2253300,12525500
6/2/15,134670400,1668900,10674000
6/3/15,123934000,2727900,8907500
6/4/15,153800400,2510800,12268000
6/5/15,142507200,1907900,15110000
6/8/15,210699200,2172500,25085000
6/9/15,224301600,2288700,13055500
6/10/15,156349200,2172300,17272500
6/11/15,141563600,2922500,10220500
6/12/15,147544800,2054400,7111500
6/15/15,175955600,2051000,10931000
6/16/15,125976400,2296400,9923500
6/17/15,131672400,2185900,27564500
6/18/15,141628800,3378400,13913500
6/19/15,218867600,4495100,12315000
6/22/15,136157200,1823600,22805500
6/23/15,121075600,3245000,19354000
6/24/15,221123600,2620800,12061500
6/25/15,127752400,2237500,14246000
6/26/15,176267200,2624500,19192000
6/29/15,196645600,2753200,17394500
6/30/15,177482800,2596900,15434500
7/1/15,120955200,1987100,10506000
7/2/15,108844000,1343400,35819500
7/6/15,112241600,1903200,20609500
7/7/15,187787200,3454200,30525500
7/8/15,243046400,2383100,31105500
7/9/15,314380000,2271400,16670500
7/10/15,245418000,2401000,13054500
7/13/15,165762000,3956800,14801500
7/14/15,127072400,4736200,9538000
7/15/15,134596800,2987400,10108000
7/16/15,144889600,4095600,8080000
7/17/15,184658800,4932200,25020500
7/20/15,235600800,4752500,24892500
7/21/15,307025600,3181800,30543500
7/22/15,461802400,3114900,15525000
7/23/15,203998000,9374400,11136000
7/24/15,168649200,21909400,14182500
7/27/15,177822000,7491000,23471000
7/28/15,134472400,5273100,19479000
7/29/15,148046800,3752600,13950500
7/30/15,134513200,3743100,10173000
7/31/15,171540000,3025600,11113000
8/3/15,279904000,3014200,12767500
8/4/15,496554400,2934600,11762500
8/5/15,397250400,2889400,31071500
8/6/15,211612000,3820500,73119000
8/7/15,154681600,3969200,25367000
8/10/15,219806400,2615900,20929500
8/11/15,388331200,2676600,21324500
8/12/15,404870000,3962300,18640000
8/13/15,194143200,2895200,23446000
8/14/15,171718000,1994800,21824000
8/17/15,163538800,2581700,35883500
8/18/15,138242800,2071300,20975000
8/19/15,193146000,2324000,18021500
8/20/15,274006400,4408000,24529000
8/21/15,513102000,6706500,32951000
8/24/15,648825200,10097600,47908000
8/25/15,414406400,5679300,21636500
8/26/15,387098400,6358600,24815000
8/27/15,338464400,6114500,38280000
8/28/15,212657600,2746700,27568500
8/31/15,224917200,3002300,23501000
9/1/15,307383600,3864500,27274000
9/2/15,247555200,3707100,23146000
9/3/15,212935600,3149700,20974000
9/4/15,199985200,2692500,18446000
9/8/15,219374400,3810700,15691000
9/9/15,340043200,4370700,16954000
9/10/15,251571200,2576000,13545000
9/11/15,199662000,3227900,11754000
9/14/15,233453600,3130200,14454500
9/15/15,173364800,2865900,14667500
9/16/15,148694000,2252800,22085500
9/17/15,256450400,4169500,17929000
9/18/15,297141200,6160100,18815500
9/21/15,200888000,3283300,30601000
9/22/15,201384800,3841700,18322000
9/23/15,143026800,2237600,13004000
9/24/15,200878000,3501000,17241000
9/25/15,224607600,4031000,18867000
9/28/15,208436000,5434500,24505500
9/29/15,293461600,4457500,18516000
9/30/15,265892000,4004700,24648000
10/1/15,255716400,3768500,22865000
10/2/15,232079200,4597800,22120000
10/5/15,208258800,3391400,18449500
10/6/15,192787200,4502800,26126000
10/7/15,187062400,3812100,34070000
10/8/15,247918400,4676400,30666000
10/9/15,211064400,3537400,30792000
10/12/15,121868800,2776100,19181500
10/13/15,132197200,2938000,25857500
10/14/15,177849600,3582100,15522000
10/15/15,150694000,4937000,14221000
10/16/15,156930400,4315800,21672500
10/19/15,119036800,4375400,12539500
10/20/15,195871200,4346200,74500000
10/21/15,167180800,3343600,20757500
10/22/15,166616400,7779400,14126000
10/23/15,237467600,10692700,21177500
10/26/15,265335200,4269700,16957000
10/27/15,279537600,3787100,17597000
10/28/15,342205600,3926200,13643000
10/29/15,204909200,3896000,9025000
10/30/15,197461200,3874400,22194500
11/2/15,128813200,2816500,19639500
11/3/15,182076000,3246900,41662500
11/4/15,179544400,4840500,63632000
11/5/15,158210800,4723800,22484000
11/6/15,132169200,4092200,12226500
11/9/15,135485600,4048800,19254500
11/10/15,236511600,3489500,23085000
11/11/15,180872000,5387300,16739000
11/12/15,130102400,4284700,14579500
11/13/15,183249600,6261100,17151500
11/16/15,152426800,7435900,14627000
11/17/15,110467600,4320200,10743500
11/18/15,186698800,4469800,14059500
11/19/15,173183200,4705200,12522000
11/20/15,137148400,3896100,22003500
11/23/15,129930000,4385100,12631000
11/24/15,171212800,4543400,12401500
11/25/15,85553200,2697900,19954000
11/27/15,52185600,1966800,9747000
11/30/15,156721200,5693200,13299000
12/1/15,139409600,4751200,18670000
12/2/15,133546400,4273500,14907500
12/3/15,166278000,5064700,14698000
12/4/15,231108000,4534800,12868000
12/7/15,128336800,3732800,15721000
12/8/15,137238000,3651900,13438000
12/9/15,185445600,5158200,15289000
12/10/15,116850800,3455500,10358500
12/11/15,187544800,5474400,16343500
12/14/15,257274800,4329700,14135500
12/15/15,213292400,4753400,11222000
12/16/15,224954000,3964500,25521500
12/17/15,179091200,3681600,16493000
12/18/15,385813200,6841300,15071000
12/21/15,190362400,3250900,9766000
12/22/15,131157600,2667800,9807500
12/23/15,130629600,2722900,7775000
12/24/15,54281600,1091200,3540000
12/28/15,106816800,3783600,9506500
12/29/15,123724800,5735000,12031500
12/30/15,100855200,3519000,18489500
12/31/15,163649200,3749600,13575000
1/4/16,270597600,9314500,34135500
1/5/16,223164000,5822600,15934000
1/6/16,273829600,5329200,18895500
1/7/16,324377600,7074900,17771500
1/8/16,283192000,5512900,18140500
1/11/16,198957600,4891600,20457000
1/12/16,196616800,4724100,15459500
1/13/16,249758400,7655200,20632000
1/14/16,252680400,7238000,32453500
1/15/16,319335600,7784500,27893000
1/19/16,212350800,4807200,20193500
1/20/16,289337600,7966400,29193000
1/21/16,208646000,4952200,15831000
1/22/16,263202000,5120100,15620500
1/25/16,207178000,4396100,13493500
1/26/16,300308000,3765700,24821000
1/27/16,533478800,5152900,18086000
1/28/16,222715200,14015200,22964000
1/29/16,257666000,14677600,14261500
2/1/16,163774000,6355100,26488000
2/2/16,149428800,6312000,28868000
2/3/16,183857200,10048700,39657000
2/4/16,185886800,6199100,21927000
2/5/16,185672400,9708900,47188000
2/8/16,216085600,9825500,46565000
2/9/16,177324800,7077900,43258000
2/10/16,169374400,6786200,52032500
2/11/16,200298800,7397400,71262000
2/12/16,161405600,5384800,36179000
2/16/16,196231600,5118500,27969000
2/17/16,179452800,4824000,29126000
2/18/16,156084000,4735000,19438000
2/19/16,141496800,4974700,14797000
2/22/16,137123200,5566600,25300500
2/23/16,127770400,4050800,29922000
2/24/16,145022800,6231700,26978000
2/25/16,110330800,4525500,28753500
2/26/16,115964400,4877000,30325500
2/29/16,140865200,4145400,22495000
3/1/16,201628400,5038500,33561000
3/2/16,132678400,4582200,24312000
3/3/16,147822800,2741300,24145000
3/4/16,184220400,3416500,32445500
3/7/16,143315600,4926900,26647000
3/8/16,126247600,4730000,20893500
3/9/16,108806800,4377300,16043000
3/10/16,134054400,3919900,25962500
3/11/16,109632800,3771300,16715500
3/14/16,100304400,3454200,20328500
3/15/16,160270800,3876800,15902500
3/16/16,153214000,3537700,17583500
3/17/16,137682800,5928100,18914500
3/18/16,176820800,7296900,23559000
3/21/16,142010800,5155700,26539000
3/22/16,129777600,4000600,21580000
3/23/16,102814000,3983700,24744000
3/24/16,104532000,5185500,24804500
3/28/16,77645600,3121500,19628500
3/29/16,124760400,4392600,20071500
3/30/16,182404400,3890500,20165000
3/31/16,103553600,2681800,40064500
4/1/16,103496000,2917400,79987500
4/4/16,149424800,2470800,67376500
4/5/16,106314800,2308900,49743500
4/6/16,105616400,2849900,58527500
4/7/16,127207600,3189000,44281000
4/8/16,94326800,2591900,36819500
4/11/16,117630000,2704300,45808500
4/12/16,108929200,2641100,28816000
4/13/16,133029200,4228300,24628000
4/14/16,101895600,3512100,20661000
4/15/16,187756000,2887700,18762000
4/18/16,243286000,4360900,21357000
4/19/16,129539600,4055900,31787500
4/20/16,122444000,2609400,25970500
4/21/16,126210000,2596300,13915500
4/22/16,134732400,5083900,18931500
4/25/16,112126400,2682900,18351500
4/26/16,224064800,2521400,16119000
4/27/16,458408400,4068800,16029000
4/28/16,328970800,7872600,12595000
4/29/16,274126000,10310700,27069000
5/2/16,192640400,6578500,19219500
5/3/16,227325200,4923400,21511000
5/4/16,164102000,4635500,43502500
5/5/16,143562000,4884100,56274000
5/6/16,174799600,4365300,28426000
5/9/16,131745600,3982200,23882000
5/10/16,134747200,6105600,20353000
5/11/16,114876400,7338200,25809500
5/12/16,305258800,5048200,18252500
5/13/16,177571200,4763400,14114000
5/16/16,245039200,5432900,14747000
5/17/16,187667600,5121400,14218000
5/18/16,168249600,4283200,28087500
5/19/16,121768400,3025600,34331500
5/20/16,128104000,2916200,45035500
5/23/16,152074400,2595100,25512500
5/24/16,140560800,3033800,15069000
5/25/16,152675200,3267700,15634000
5/26/16,225324800,2446700,20362000
5/27/16,145364800,2249200,18251500
5/31/16,169228800,3618300,13945000
6/1/16,116693200,3263100,14913500
6/2/16,160766400,3026600,10164000
6/3/16,114019600,3367300,11145000
6/6/16,93170000,2704800,11247500
6/7/16,89638000,2732500,31068000
6/8/16,83392400,2223400,29860000
6/9/16,106405600,2170300,22460500
6/10/16,126851600,3425700,30133000
6/13/16,152082000,3352200,20965000
6/14/16,127727600,2506900,17901000
6/15/16,117780800,2709400,14542500
6/16/16,125307200,3098000,12201500
6/17/16,244032800,5897800,15563000
6/20/16,137647600,3677200,17777500
6/21/16,142185600,2137500,22645000
6/22/16,116876400,2260500,118712000
6/23/16,128960800,2825000,50653500
6/24/16,301245600,7632500,35132500
6/27/16,181958400,5568000,36027000
6/28/16,161779600,4037000,31062000
6/29/16,146124000,3070100,29974500
6/30/16,143345600,2855100,24215500
7/1/16,104106000,2920400,27000000
7/5/16,110820800,2431400,25876500
7/6/16,123796400,3938200,24599500
7/7/16,100558400,2945800,18060000
7/8/16,115648400,3429200,20374000
7/11/16,95179600,3195300,27149000
7/12/16,96670000,5623700,22856500
7/13/16,103568800,4142300,17835500
7/14/16,155676000,2390500,13379000
7/15/16,120548000,3121400,11171000
7/18/16,145975600,2954900,17060500
7/19/16,95119600,2216800,15575500
7/20/16,105104000,2214000,12842500
7/21/16,130808000,2317100,22143500
7/22/16,113254800,2277700,12898500
7/25/16,161531600,2679300,22453500
7/26/16,224959200,2529700,17150000
7/27/16,369379200,2913100,14445000
7/28/16,159479200,7617600,12095500
7/29/16,110934800,6777100,15354000
8/1/16,152671600,3578200,20081500
8/2/16,135266400,3603300,19672000
8/3/16,120810400,3581500,19439000
8/4/16,109634800,3178200,20735000
8/5/16,162213600,2704400,16026000
8/8/16,112148800,1986300,11318000
8/9/16,105260800,1876100,11039000
8/10/16,96034000,1604300,11691500
8/11/16,109938000,2019700,9404500
8/12/16,74641600,1563300,9067500
8/15/16,103472800,2118500,10171500
8/16/16,135177600,1604600,11335500
8/17/16,101424000,1891100,8935500
8/18/16,87938800,1458800,8572500
8/19/16,101472400,2343200,8297500
8/22/16,103280800,1679300,10327500
8/23/16,85030800,1524100,23922000
8/24/16,94700400,1744100,12853500
8/25/16,100344800,1623000,8812500
8/26/16,111065200,2776800,11195000
8/29/16,99881200,2198600,16331500
8/30/16,99455600,1709200,15844500
8/31/16,118649600,1633800,16382500
9/1/16,106806000,1792300,39715500
9/2/16,107210000,2181800,29887000
9/6/16,107521600,3719800,21953000
9/7/16,169457200,2424600,18204500
9/8/16,212008000,2030500,16889500
9/9/16,186228000,4257300,18785000
9/12/16,181171200,3124700,18576000
9/13/16,248704800,3117200,17947000
9/14/16,443554800,2523000,11272500
9/15/16,359934400,3034000,15386000
9/16/16,319547600,5499200,15539000
9/19/16,188092000,2297200,11497500
9/20/16,138057200,1937200,12052500
9/21/16,144012800,2718600,13167500
9/22/16,124296000,4078900,11914500
9/23/16,209924800,2353500,14526000
9/26/16,119477600,2651400,11972000
9/27/16,98429600,3819600,16866000
9/28/16,118564400,4422100,10442000
9/29/16,143548000,4922200,13635000
9/30/16,145516400,4430600,12931500
10/3/16,86807200,2769400,29999500
10/4/16,118947200,2950300,17707500
10/5/16,85812400,3469100,9387500
10/6/16,115117200,2684000,23517000
10/7/16,97433600,2426200,17465000
10/10/16,144944000,1827100,16581500
10/11/16,256164000,3588200,11642000
10/12/16,150347200,2380400,9853500
10/13/16,140769600,3091400,12473000
10/14/16,142608800,2999800,21349500
10/17/16,94499600,3361500,22770500
10/18/16,98214000,2512500,28402500
10/19/16,80138400,2090700,34956000
10/20/16,96503200,3152000,25364500
10/21/16,92770800,2793000,14717000
10/24/16,94154800,4060900,13758000
10/25/16,192516000,3248400,12225000
10/26/16,264536800,3998100,28164000
10/27/16,138248000,7406400,65468500
10/28/16,151446800,10841100,21400500
10/31/16,105677600,5413300,23461500
11/1/16,175303200,5305400,35300000
11/2/16,113326800,5026500,21267000
11/3/16,107730400,3872500,13265000
11/4/16,123348000,5122100,25730000
11/7/16,130240000,5984400,19350500
11/8/16,97016800,3412600,16338000
11/9/16,236705600,8562900,40865500
11/10/16,228538000,12747000,33751500
11/11/16,136575600,6622800,19942500
11/14/16,204702000,7321300,32761000
11/15/16,129058000,6755800,19510000
11/16/16,235362000,3648800,17172000
11/17/16,110528000,3690100,24435500
11/18/16,113715600,4373400,26051500
11/21/16,117058400,4614600,21805000
11/22/16,103862000,5311300,28017000
11/23/16,109705600,3540300,24459500
11/25/16,45903600,1837100,11830500
11/28/16,108776000,4438800,22646000
11/29/16,114115200,3272300,22196500
11/30/16,144649200,4625900,17735500
12/1/16,148347600,4666000,25632000
12/2/16,106112000,3561300,20211500
12/5/16,137298000,4314700,20361000
12/6/16,104782000,3794700,16958000
12/7/16,119994800,3684900,27309500
12/8/16,108273200,3189600,15970500
12/9/16,137610400,2470900,13612500
12/12/16,105497600,2963900,12194500
12/13/16,174935200,5285300,34119500
12/14/16,136127200,5454800,20754500
12/15/16,186098000,3801900,16098000
12/16/16,177404400,4848200,18984500
12/19/16,111117600,3113200,17440500
12/20/16,85700000,2703600,23445500
12/21/16,95132800,2044600,26038000
12/22/16,104343600,2543600,15555500
12/23/16,56998000,1981600,23352500
12/27/16,73187600,2638700,29578500
12/28/16,83623600,3301000,18912500
12/29/16,60158000,3158300,20225000
12/30/16,122345200,4139400,23213000
1/3/17,115127600,3521100,29616500
1/4/17,84472400,2510500,56067500
1/5/17,88774400,5830100,29558500
1/6/17,127007600,5986200,27639500
1/9/17,134247600,3446100,19897500
1/10/17,97848400,2558400,18300000
1/11/17,110354400,2992800,18254000
1/12/17,108344800,4873900,18951000
1/13/17,104447600,3791900,30465000
1/17/17,137759200,3670500,23087500
1/18/17,94852000,2354200,18845000
1/19/17,102389200,2540800,38661500
1/20/17,130391600,3376200,21021500
1/23/17,88200800,2797500,31314500
1/24/17,92844000,2971700,24827500
1/25/17,129510400,3922600,25713000
1/26/17,105350400,3586300,15760500
1/27/17,82251600,2998700,15831500
1/30/17,121510000,3747300,19005500
1/31/17,196804000,3137200,20580500
2/1/17,447940000,3850200,19794000
2/2/17,134841600,7350500,12499000
2/3/17,98029200,10868800,10933500
2/6/17,107383600,3897300,17812500
2/7/17,152735200,3466100,21224000
2/8/17,92016400,2858000,19665000
2/9/17,113399600,2484900,39101000
2/10/17,80262000,2429600,18098500
2/13/17,92141600,4172600,35148000
2/14/17,132904800,2792400,36726000
2/15/17,142492400,2968900,24739500
2/16/17,90338400,2714700,35386500
2/17/17,88792800,3112300,31285500
2/21/17,98028800,3507700,28383500
2/22/17,83347600,2617000,43775000
2/23/17,83152800,3462000,74576000
2/24/17,87106400,3688000,40858000
2/27/17,81029600,2713600,57304000
2/28/17,93931600,2793700,30390500
3/1/17,145658400,2760100,24047500
3/2/17,104844000,2132100,16759000
3/3/17,84432400,1941100,14597000
3/6/17,87000000,2610400,16777500
3/7/17,69785200,2247600,17297500
3/8/17,74828800,2286500,18626000
3/9/17,88623600,2048200,19396500
3/10/17,78451200,2436400,15331500
3/13/17,69686800,1909700,15113000
3/14/17,61236400,2130600,37992000
3/15/17,102767200,2562200,26654000
3/16/17,76928000,1842300,35661000
3/17/17,175540000,3384400,32487500
3/20/17,86168000,2282700,18071500
3/21/17,158119600,4382900,34543000
3/22/17,103440800,2658700,20296500
3/23/17,81385200,1953000,16601000
3/24/17,89582400,2138300,28236500
3/27/17,94300400,2755800,31154000
3/28/17,133499200,3041600,39938000
3/29/17,116760000,4485800,18381000
3/30/17,84829200,2762700,20742000
3/31/17,78646800,3957600,16473000
4/3/17,79942800,3422300,69443000
4/4/17,79565600,4984700,50673000
4/5/17,110871600,7508400,39404500
4/6/17,84596000,6344100,27603000
4/7/17,66688800,3710900,22898000
4/10/17,75733600,3184300,38322500
4/11/17,121517600,3012700,28623000
4/12/17,81400000,2456100,30253500
4/13/17,71291600,3174600,46423000
4/17/17,66328400,2854700,20693500
4/18/17,58790000,2999200,15178500
4/19/17,69313600,2870200,19490000
4/20/17,93278400,2814400,30747000
4/21/17,69283600,2420500,22549000
4/24/17,68537200,3122900,25417500
4/25/17,75486000,3380600,33688500
4/26/17,80164800,2608900,23475000
4/27/17,56985200,5305500,17343000
4/28/17,83441600,7364700,22527500
5/1/17,134411600,5466500,44148000
5/2/17,181408800,3848800,26914000
5/3/17,182788000,3582700,35667000
5/4/17,93487600,2418400,70760000
5/5/17,109310800,2866400,40886500
5/8/17,195009600,3415700,35032500
5/9/17,156521600,3262100,48382500
5/10/17,103222800,2096500,28708000
5/11/17,109020400,2194100,23769000
5/12/17,130108000,3625900,20608000
5/15/17,104038800,4270600,38110000
5/16/17,80194000,3126100,20762500
5/17/17,203070800,5145600,33559500
5/18/17,134272800,3939300,28269000
5/19/17,107843200,3972100,23438000
5/22/17,91865600,2642200,21646000
5/23/17,79675600,2415600,21592000
5/24/17,76712000,2446000,25166500
5/25/17,76942400,4822000,25070000
5/26/17,87710400,3469200,39011000
5/30/17,80507600,3263100,38914500
5/31/17,97804800,3913100,49817000
6/1/17,65616400,2454800,38040000
6/2/17,111082800,3752300,27951000
6/5/17,101326800,2719900,33922000
6/6/17,106499600,3346400,55434000
6/7/17,84278400,2823000,46990000
6/8/17,85003200,2767900,45307500
6/9/17,259530800,7647700,86307000
6/12/17,289229200,9447200,52588500
6/13/17,136661600,4580000,59039500
6/14/17,126124800,3974900,64092000
6/15/17,128661600,5373900,52132500
6/16/17,201444400,11472700,33655000
6/19/17,130165600,5043400,32746500
6/20/17,99600400,4076800,37193500
6/21/17,85063200,2922500,24616000
6/22/17,76425200,2253400,37649000
6/23/17,141757600,2879100,32229000
6/26/17,102769600,3386200,33020500
6/27/17,99047600,3782400,34982000
6/28/17,88329600,3737600,31512500
6/29/17,125997600,4303000,41105000
6/30/17,92096400,3390300,29242500
7/3/17,57111200,2909100,31527000
7/5/17,86278400,3653000,85233500
7/6/17,96515200,3259600,96622500
7/7/17,76806800,2643400,70884500
7/10/17,84362400,3546300,69104500
7/11/17,79127200,2982700,57797000
7/12/17,99538000,3608600,51730500
7/13/17,100797600,2880800,42972500
7/14/17,80528400,2102500,28126000
7/17/17,95174000,3712600,49384500
7/18/17,71475200,4007600,31868500
7/19/17,83692000,2964000,31785000
7/20/17,68974800,3097500,25831000
7/21/17,105010400,2734600,24508000
7/24/17,85972800,3288000,43185500
7/25/17,75415600,2447600,34946000
7/26/17,63124000,2921300,24104000
7/27/17,129905200,10991700,41512000
7/28/17,68854800,7709400,24402000
7/31/17,79383600,7352100,42675500
8/1/17,141474400,4572600,41515500
8/2/17,279747200,4070000,65457500
8/3/17,108389200,3255800,67675000
8/4/17,82239600,2730300,46344500
8/7/17,87481200,2676600,31622500
8/8/17,144823600,2902800,37249000
8/9/17,104526000,3569700,34460500
8/10/17,163217200,5684100,35464500
8/11/17,105028400,3468000,21829000
8/14/17,88490800,3172900,22596000
8/15/17,117862000,2549300,15425500
8/16/17,110686400,3132100,17069000
8/17/17,111762400,3512400,25138500
8/18/17,109712400,3284800,27041000
8/21/17,105474000,3164500,32477000
8/22/17,86418400,2750000,21610000
8/23/17,77596400,2668300,24772500
8/24/17,79275600,5195700,22923500
8/25/17,101920400,3324800,17420000
8/28/17,103864000,2596700,18820000
8/29/17,118067600,2874300,20368500
8/30/17,109078400,2904600,17064500
8/31/17,107140400,3331500,20364000
9/1/17,66364400,2535900,15247500
9/5/17,117874000,2883200,19175500
9/6/17,86606800,2129900,20457000
9/7/17,87714000,2566800,21196000
9/8/17,114446000,2605300,16317500
9/11/17,126323200,2186700,38335500
9/12/17,286856000,2481100,29864500
9/13/17,179629600,3374700,20926000
9/14/17,95042800,3913300,36012500
9/15/17,196458400,3760200,27102500
9/18/17,113077600,3411300,35940000
9/19/17,83242400,2671100,32259500
9/20/17,211805600,2888800,24595500
9/21/17,150046800,2337600,23091000
9/22/17,186581600,2641800,40797000
9/25/17,177549200,5124000,38029500
9/26/17,146640000,3564800,35781500
9/27/17,102016800,3148900,30301500
9/28/17,88022000,2522600,26598000
9/29/17,105199200,2543800,25535500
10/2/17,74795200,2442900,26434000
10/3/17,64921200,2666600,50768000
10/4/17,80655200,2527400,40817500
10/5/17,85135200,3229200,20858500
10/6/17,69630400,3782100,21487500
10/9/17,65051600,2938600,37468500
10/10/17,62468000,3084900,34892500
10/11/17,67622400,2337100,22504000
10/12/17,64500400,4067300,20435000
10/13/17,65576800,2431500,17702500
10/16/17,96486000,2008900,26877500
10/17/17,75989200,2319700,16466500
10/18/17,65496800,2499700,24695500
10/19/17,170336800,3108200,25309000
10/20/17,95896400,2365100,24652000
10/23/17,87937200,3494100,28736500
10/24/17,71028800,2723900,22458500
10/25/17,84828400,3033100,42970500
10/26/17,68002000,5618700,25117500
10/27/17,177816800,16565000,34898500
10/30/17,178803200,6613100,21272000
10/31/17,144187200,3477000,28361500
11/1/17,134551200,3755500,42286500
11/2/17,165573600,3684900,98957000
11/3/17,237594400,3751500,44470000
11/6/17,140105200,3381100,32430000
11/7/17,97446000,2689000,26471500
11/8/17,97638000,2581500,23626500
11/9/17,117930400,3732700,27235500
11/10/17,100582000,2179900,23127000
11/13/17,67928400,2918400,37924500
11/14/17,99130000,3138400,28380500
11/15/17,116632400,3928700,29893500
11/16/17,94550000,2213300,29110500
11/17/17,87598000,2413400,68675500
11/20/17,65049600,2163900,41238500
11/21/17,100525200,2479400,36306500
11/22/17,102355600,3555300,24588000
11/24/17,56106800,3528000,16220500
11/27/17,82867200,6744000,22779500
11/28/17,105715200,4559400,24747500
11/29/17,166665600,9257500,43837000
11/30/17,166108800,4509200,21758000
12/1/17,159037200,4107100,21464500
12/4/17,130169600,5931900,29175500
12/5/17,109400800,4079800,23232500
12/6/17,114240000,2853300,35976500
12/7/17,102693200,2511600,23903000
12/8/17,93420800,3050100,17342500
12/11/17,141095200,2363500,39690000
12/12/17,77636800,2235900,43666000
12/13/17,95273600,2616800,31107500
12/14/17,81906000,3214300,28999500
12/15/17,160677200,4778600,34666000
12/18/17,117684400,2947600,27381000
12/19/17,109745600,2587800,34125000
12/20/17,93902400,2371200,29769000
12/21/17,83799600,2123100,21926000
12/22/17,65397600,1585100,21079000
12/26/17,132742000,2005200,21892000
12/27/17,85992800,1867200,23560500
12/28/17,65920800,1841700,21581500
12/29/17,103999600,2688400,18886000
1/2/18,102223600,2694500,21761000
1/3/18,118071600,3108800,22607500
1/4/18,89738400,3022100,49731500
1/5/18,94640000,3544700,22956000
1/8/18,82271200,4279500,49297000
1/9/18,86336000,3661300,35733000
1/10/18,95839600,2686000,21549500
1/11/18,74670800,3125000,33227500
1/12/18,101672400,5443700,24125500
1/16/18,118263600,7220700,32371500
1/17/18,137547200,5253800,35517500
1/18/18,124773600,4026900,28429000
1/19/18,129700400,4578500,24441500
1/22/18,108434400,4140100,31052000
1/23/18,130756400,5169300,27327000
1/24/18,204420400,6807500,26437500
1/25/18,166116000,4753000,33701500
1/26/18,156572000,4857300,22697000
1/29/18,202561600,5701900,23735500
1/30/18,184192800,5871900,23588500
1/31/18,129915600,6424700,31070500
2/1/18,188923200,9113800,20988500
2/2/18,346375200,11125700,18524000
2/5/18,290954000,11495000,22320500
2/6/18,272975200,11066800,25442000
2/7/18,206434400,7162700,34846000
2/8/18,217562000,8578600,51573000
2/9/18,282690400,14141500,64668500
2/12/18,243278000,6738900,31139000
2/13/18,130196800,5917900,22801000
2/14/18,162579600,5959200,19753500
2/15/18,204588800,5652700,29564500
2/16/18,160704400,4472600,28213000
2/20/18,135722000,6499200,20047000
2/21/18,149886400,6304400,16098000
2/22/18,123967600,4858100,34849000
2/23/18,135249600,4418100,29087000
2/26/18,152648800,4955000,21700000
2/27/18,155712400,4808800,23987000
2/28/18,151128400,4515000,30348500
3/1/18,195208000,6835200,34428000
3/2/18,153816000,6587600,25464000
3/5/18,113605600,5233900,19119000
3/6/18,95154000,4561700,21428500
3/7/18,126814000,4174100,25036500
3/8/18,95096400,3862600,17831000
3/9/18,128740800,4534300,27534000
3/12/18,128828400,5174200,41320000
3/13/18,126774000,6531900,29829000
3/14/18,117473600,4259400,39837000
3/15/18,90975200,4069700,32824000
3/16/18,157618800,5425000,30586500
3/19/18,133787200,6580800,37421500
3/20/18,78597600,4581600,23821500
3/21/18,148219600,4750800,29792000
3/22/18,165963200,6320600,24699000
3/23/18,164115200,8006000,33274500
3/26/18,150164800,5624700,41876000
3/27/18,163690400,6999600,69360000
3/28/18,166674000,13705300,105007000
3/29/18,153594000,12581100,75853500
4/2/18,150347200,10463600,80570000
4/3/18,121112000,10231200,94222000
4/4/18,138422000,6982300,99483500
4/5/18,107732800,6413500,95605500
4/6/18,140021200,5882300,67601500
4/9/18,116070800,4208200,51249000
4/10/18,113634400,4254100,54949000
4/11/18,89726400,3582500,37414500
4/12/18,91557200,3135000,38044000
4/13/18,100497200,3685300,36636000
4/16/18,86313600,2808600,31692500
4/17/18,106421600,5114400,35000000
4/18/18,83018000,5227500,32788500
4/19/18,139235200,6523700,30453000
4/20/18,261964400,5541600,28139500
4/23/18,146062000,4465400,24467000
4/24/18,134768000,7494700,28426500
4/25/18,113528400,6587300,20068000
4/26/18,111852000,8801100,21780000
4/27/18,142623200,13053200,21823000
4/30/18,169709600,5464100,21141000
5/1/18,214277600,4572100,23128000
5/2/18,266157600,4360300,44852000
5/3/18,136272800,4251900,86760500
5/4/18,224805200,3443600,42847000
5/7/18,169805600,3801900,43391000
5/8/18,113611200,3067900,29650000
5/9/18,92844800,3637300,28637000
5/10/18,111957200,2817500,28258000
5/11/18,104848800,2263900,23398000
5/14/18,83115200,2509500,36434000
5/15/18,94780800,5077500,47596000
5/16/18,76732400,2570600,28370000
5/17/18,69176000,2147600,22103000
5/18/18,73190800,2642600,36259500
5/21/18,73603200,2925200,45913000
5/22/18,60962800,2115600,44729000
5/23/18,80233600,3361900,29925500
5/24/18,92936000,3430000,20883500
5/25/18,69844000,2698400,19375500
5/29/18,90056400,3846500,28333000
5/30/18,74762000,2907400,37448500
5/31/18,109931200,3166300,29598500
6/1/18,93770000,3313400,27122000
6/4/18,105064800,3187700,23989000
6/5/18,86264000,4782200,29976000
6/6/18,83734400,5473200,93836500
6/7/18,85388800,3765700,71726500
6/8/18,106627200,2955100,41026000
6/11/18,73234000,2335500,65917500
6/12/18,67644400,2259200,111737000
6/13/18,86553600,3327500,47349000
6/14/18,86440400,3174400,54905000
6/15/18,246876800,4777600,54241500
6/18/18,73939600,3107700,60366000
6/19/18,134314000,4290100,63809500
6/20/18,82514800,4332600,41918500
6/21/18,102847600,4941100,39835500
6/22/18,108801600,4075100,51330500
6/25/18,126652400,7511200,34656500
6/26/18,98276800,4386600,37262500
6/27/18,101141200,4872200,41668500
6/28/18,69460800,4529700,41990000
6/29/18,90950800,4543500,32462000
7/2/18,70925200,3185700,93799000
7/3/18,55819200,2177300,61413000
7/5/18,66416800,2983100,87382000
7/6/18,69940800,2650300,44327500
7/9/18,79026400,3012000,37984000
7/10/18,63756400,3002900,47357500
7/11/18,75326000,3209800,24420500
7/12/18,72164400,4532700,28606000
7/13/18,50055600,4383200,29349000
7/16/18,60172400,5466200,39093500
7/17/18,62138000,5682900,34981000
7/18/18,65573600,4861900,28121000
7/19/18,81147200,4676900,29576500
7/20/18,82704800,3884400,25811000
7/23/18,63957600,3888500,54964500
7/24/18,74791600,4278700,47954000
7/25/18,66839600,3738200,35377000
7/26/18,76304000,9924400,23152500
7/27/18,96096000,9681000,28516500
7/30/18,84118000,6562300,34070500
7/31/18,157492000,5738700,25384500
8/1/18,271742800,4153100,50647000
8/2/18,249616000,4354700,116075000
8/3/18,133789600,3460500,68282500
8/6/18,101701600,3391800,42821500
8/7/18,102349600,3377500,154379000
8/8/18,90102000,3963000,122856000
8/9/18,93970400,4860400,85919000
8/10/18,98444800,3639900,57760000
8/13/18,103563600,5531500,52319500
8/14/18,82992000,3986100,34932000
8/15/18,115230400,7700700,45506500
8/16/18,114001600,3957100,30320000
8/17/18,141708000,4104300,94793000
8/20/18,121150800,2862000,87011500
8/21/18,104639200,3105600,65861000
8/22/18,76072400,3080500,29730000
8/23/18,75532800,3563000,25736500
8/24/18,73905600,2800900,18013000
8/27/18,82100400,3569000,65396500
8/28/18,91107200,3100700,38245500
8/29/18,109019200,6531800,37237000
8/30/18,195175200,7277300,36083500
8/31/18,173360400,4204400,26875500
9/4/18,109560400,5721100,41752500
9/5/18,133332000,8220600,38604000
9/6/18,137160000,7488700,37404000
9/7/18,150479200,4892600,112459500
9/10/18,158066000,4544800,71417500
9/11/18,142996000,5033600,45850000
9/12/18,197114800,4414000,50077000
9/13/18,166825600,3621500,31701500
9/14/18,127997200,3642000,33828000
9/17/18,148780400,7050200,34438000
9/18/18,126286800,4268700,82737500
9/19/18,108495200,4056800,41474500
9/20/18,106435200,3154900,36747000
9/21/18,384986800,6855900,25252500
9/24/18,110773600,4213700,24215000
9/25/18,98217600,4538400,22408500
9/26/18,95938800,4313500,39216000
9/27/18,120724800,4329400,42545500
9/28/18,91717600,4085100,168248500
10/1/18,94403200,3460500,108888000
10/2/18,99152800,5400700,58717500
10/3/18,114619200,5253100,39975000
10/4/18,128168000,7257000,49071000
10/5/18,134322000,6822300,89722500
10/8/18,118655600,7393200,67363500
10/9/18,107564000,4772900,60303000
10/10/18,167962400,10988900,64076500
10/11/18,212497600,13935900,40838500
10/12/18,161351600,9444600,36007000
10/15/18,123164000,6437200,31000000
10/16/18,116736000,5859900,47632000
10/17/18,91541600,5295200,43277500
10/18/18,130325200,5874000,27106000
10/19/18,132314800,5907200,46877500
10/22/18,115168400,4500000,28001500
10/23/18,155071200,6723900,95139000
10/24/18,163702000,6928400,100291500
10/25/18,119423200,10285700,104203500
10/26/18,189033600,14963800,137127500
10/29/18,183742000,13866100,72430000
10/30/18,146640000,12460100,45633500
10/31/18,153435600,9390200,38121500
11/1/18,233292800,8135500,40000500
11/2/18,365314800,6955500,39040000
11/5/18,264654800,5624700,39155000
11/6/18,127531600,4257400,33814500
11/7/18,133697600,8192200,36872500
11/8/18,101450400,6534900,35453500
11/9/18,137463200,5902200,25494000
11/12/18,204542000,6806200,34707500
11/13/18,187531600,5933300,27243000
11/14/18,243204000,6486900,25201500
11/15/18,185915200,8427300,23128500
11/16/18,147713200,6066100,36031000
11/19/18,167701200,7790000,48544500
11/20/18,271300800,10878800,40023500
11/21/18,124496800,5716800,23434000
11/23/18,94496000,2707600,21013000
11/26/18,179994000,6257700,39960500
11/27/18,165549600,5783200,31791500
11/28/18,184250000,8458700,20638000
11/29/18,167080000,6613200,15403500
11/30/18,158126000,5761800,28145500
12/3/18,163210000,6862300,41532500
12/4/18,165377200,8694500,42309500
12/6/18,172393600,8789400,39212500
12/7/18,169126400,7576100,57556000
12/10/18,248104000,7494800,33067500
12/11/18,189126800,6244700,31544000
12/12/18,142510800,6598000,25135000
12/13/18,127594400,5271300,36829500
12/14/18,162814800,6367200,31688000
12/17/18,177151600,8829800,38370000
12/18/18,135366000,6523000,35500000
12/19/18,196189200,8792200,41371000
12/20/18,259092000,9991800,45359500
12/21/18,382978400,13640300,40084000
12/24/18,148676800,7220000,27799500
12/26/18,234330000,10411800,40815500
12/27/18,212468400,9722000,42875500
12/28/18,169165600,8829000,49695000
12/31/18,140014000,6954500,31511500
1/2/19,148158800,7983100,58293000
1/3/19,365248800,6975600,34826000
1/4/19,234428400,9182600,36970500
1/7/19,219111200,7993200,37756000
1/8/19,164101200,8881400,35042500
1/9/19,180396400,6348800,27164500
1/10/19,143122800,6507700,30282000
1/11/19,108092800,4686200,25195500
1/14/19,129756800,6005900,26236500
1/15/19,114843600,5998500,30283000
1/16/19,122278800,6366900,23458500
1/17/19,119284800,4208900,18383500
1/18/19,135004000,6020500,120754000
1/22/19,121576000,6416800,60333500
1/23/19,92522400,5225200,62650000
1/24/19,101766000,4089900,40061000
1/25/19,134142000,4945900,36248000
1/28/19,104768400,4837700,32116500
1/29/19,166348800,4632800,23108500
1/30/19,244439200,5783800,56251500
1/31/19,162958400,10910300,62846000
2/1/19,130672400,11506200,36417000
2/4/19,125982000,4929100,36760500
2/5/19,144406400,4453100,33714000
2/6/19,112958400,3939900,25192500
2/7/19,126966800,4626600,32603000
2/8/19,95280000,5657500,29221000
2/11/19,83973600,3317300,35648500
2/12/19,89134000,4858600,27588000
2/13/19,89960800,3560300,25708000
2/14/19,87342800,4120500,26004000
2/15/19,98507200,4343900,19524500
2/19/19,75891200,3681700,20842000
2/20/19,104457600,3337600,35710500
2/21/19,68998800,3483400,44546000
2/22/19,75652800,3096200,28703000
2/25/19,87493600,3184500,33132500
2/26/19,68280800,2665800,42912500
2/27/19,111341600,3148800,55919500
2/28/19,112861600,3025900,52603500
3/1/19,103544800,4974900,114557000
3/4/19,109744800,6167400,85484000
3/5/19,78949600,3681500,93823500
3/6/19,83241600,3996000,51677500
3/7/19,99185600,4957000,47212500
3/8/19,95997600,4667000,44098000
3/11/19,128044000,3876400,36961500
3/12/19,129870400,3614500,37520500
3/13/19,124130000,3552000,34223500
3/14/19,94318000,2946600,35517000
3/15/19,156171600,7550900,73927500
3/18/19,104879200,5429100,51405000
3/19/19,126585600,6364200,59003000
3/20/19,124140800,6265600,34541000
3/21/19,204136800,5767800,29735500
3/22/19,169630800,6363000,43728000
3/25/19,175381200,5103800,51075000
3/26/19,199202000,4865900,36754500
3/27/19,119393600,4324800,43896000
3/28/19,83121600,3043000,33870500
3/29/19,94256000,3320800,29956500
4/1/19,111448000,4238800,40552000
4/2/19,91062800,3448100,27394500
4/3/19,93087200,3980600,39597000
4/4/19,76457200,3623900,118603500
4/5/19,74106400,3640500,65191500
4/8/19,103526800,3752800,52052000
4/9/19,143072800,3714400,29520000
4/10/19,86781200,2964000,35306500
4/11/19,83603200,2654800,49179500
4/12/19,111042800,3114400,33730000
4/15/19,70146400,3724400,50193000
4/16/19,102785600,3044600,36364500
4/17/19,115627200,2893500,25632500
4/18/19,96783200,2749900,29381500
4/22/19,77758000,3373800,60735500
4/23/19,93292000,4640400,54719500
4/24/19,70162400,3675800,53637500
4/25/19,74172800,6099100,109247000
4/26/19,74596400,8432600,111803500
4/29/19,88818800,4021300,83572500
4/30/19,186139600,3506000,47323000
5/1/19,259309200,3117000,53522000
5/2/19,127985200,3962900,90796500
5/3/19,83569600,6381600,118534000
5/6/19,129772400,5417800,54169500
5/7/19,155054800,5902100,50657000
5/8/19,105358000,4078600,30882000
5/9/19,139634400,5308300,33557000
5/10/19,164834800,5718000,35041500
5/13/19,229722400,5783400,54174000
5/14/19,146118800,4629100,36262000
5/15/19,106178800,4692600,36480000
5/16/19,132125600,4707800,37416500
5/17/19,131516400,4736600,88933500
5/20/19,154449200,3798200,102631000
5/21/19,113459200,4005100,90019500
5/22/19,118994400,2936600,93426000
5/23/19,146118800,4424300,132735500
5/24/19,94858800,3369700,70683000
5/28/19,111792800,3200000,51564500
5/29/19,113924800,4279000,59843000
5/30/19,84873600,3146900,39632500
5/31/19,108174400,4618800,52033500
6/3/19,161584400,9098700,65322000
6/4/19,123872000,5679100,69037500
6/5/19,119093600,4239800,67554000
6/6/19,90105200,3689300,101211000
6/7/19,122737600,4808200,80017500
6/10/19,104883600,5371000,52925000
6/11/19,107731600,4042700,58267500
6/12/19,73012800,2674500,75987500
6/13/19,86698400,2795800,40841500
6/14/19,75046000,2851200,37167000
6/17/19,58676400,2634300,61584000
6/18/19,106204000,3895700,63579000
6/19/19,84496800,2895300,32875500
6/20/19,86056000,3217200,59317500
6/21/19,191202400,3933600,41010500
6/24/19,72881600,2283000,28754000
6/25/19,84281200,3012300,30910500
6/26/19,104270000,2441900,42536000
6/27/19,83598800,2141700,31698500
6/28/19,124442400,3037400,34257000
7/1/19,109012000,3203300,41067000
7/2/19,67740800,2645900,46295000
7/3/19,45448000,1690300,71005500
7/5/19,69062000,2628400,35328500
7/8/19,101354400,2883400,29402500
7/9/19,82312000,4345700,30954000
7/10/19,71588400,4931900,45728500
7/11/19,80767200,4317800,37572000
7/12/19,70380800,2509300,46002500
7/15/19,67789600,2981300,55000500
7/16/19,67467200,2618200,40745000
7/17/19,56430000,2558800,48823500
7/18/19,74162400,3504300,23793000
7/19/19,83717200,3185600,35242000
7/22/19,89111600,2900000,34212000
7/23/19,73420800,2703500,25115500
7/24/19,59966400,2631300,55364000
7/25/19,55638400,4136500,112091500
7/26/19,70475600,4927100,50138500
7/29/19,86693600,4493200,46366500
7/30/19,135742800,2910900,40545000
7/31/19,277125600,4470700,45891000
8/1/19,216071600,4713300,41297500
8/2/19,163448400,4956200,30682500
8/5/19,209572000,6058200,35141500
8/6/19,143299200,5070300,27821000
8/7/19,133457600,4526900,23882500
8/8/19,108038000,3701200,26371500
8/9/19,98478800,2879800,19491000
8/12/19,89927600,2905500,23319500
8/13/19,188874000,3994000,24240500
8/14/19,146189600,4893600,47813000
8/15/19,108909600,3759100,40798000
8/16/19,110481600,3018000,25492500
8/19/19,97654400,2816300,26548000
8/20/19,107537200,1929500,20626000
8/21/19,86141600,2031800,38971500
8/22/19,89014800,2653500,32795000
8/23/19,187272000,5270800,42693000
8/26/19,104174400,3080000,25259500
8/27/19,103493200,3019700,27081000
8/28/19,63755200,2419700,16127500
8/29/19,83962000,3015100,25897500
8/30/19,84573600,3058700,46603000
9/3/19,80092000,3543000,26770500
9/4/19,76752400,2324100,28805000
9/5/19,95654800,3310800,36976500
9/6/19,77449200,2496900,20947000
9/9/19,109237600,2999500,24013500
9/10/19,127111600,2613900,24418500
9/11/19,177158400,2432800,50214000
9/12/19,128906800,2823500,42906000
9/13/19,159053200,1971300,26565500
9/16/19,84632400,3675500,23640500
9/17/19,73274800,1982400,19327000
9/18/19,101360000,2505600,20851000
9/19/19,88242400,2031500,23979000
9/20/19,221652400,5341900,31765000
9/23/19,76662000,2922300,21701000
9/24/19,124763200,4616000,64457500
9/25/19,87613600,3493200,47135500
9/26/19,75334000,3536800,59422500
9/27/19,101408000,3907200,55582000
9/30/19,103909600,2644700,29399000
10/1/19,139223200,3084500,30813000
10/2/19,138449200,3301100,28157000
10/3/19,114426000,3468200,75422500
10/4/19,138478800,2471900,39975000
10/7/19,122306000,2154700,40321000
10/8/19,111820000,2542000,43391000
10/9/19,74770400,2043500,34472000
10/10/19,113013600,2575200,31416500
10/11/19,166795600,3255000,42377000
10/14/19,96427600,1910200,51025000
10/15/19,87360000,3111700,32164000
10/16/19,73903200,2763400,33420500
10/17/19,67585200,2647400,23846500
10/18/19,97433600,3362500,28749000
10/21/19,87247200,2130400,25101500
10/22/19,82293600,2111700,23004000
10/23/19,75828800,2138200,26305500
10/24/19,69275200,4446100,148604500
10/25/19,73477200,9626400,150030500
10/28/19,96572800,3708900,94351500
10/29/19,142839600,2276900,63421500
10/30/19,124522000,2449400,48209000
10/31/19,139162000,2781200,25335000
11/1/19,151125200,2790400,31919500
11/4/19,103272000,2771900,43935000
11/5/19,79897600,1885500,34717000
11/6/19,75864400,2029800,39704500
11/7/19,94940400,2651100,72336500
11/8/19,69986400,2123300,30346000
11/11/19,81821200,1946000,49933500
11/12/19,87388800,2037600,36797000
11/13/19,102734400,2989500,42100500
11/14/19,89182800,2264800,32324500
11/15/19,100206400,3927600,24045000
11/18/19,86703200,2839500,22002000
11/19/19,76167200,2270800,38624000
11/20/19,106234400,2790000,33625500
11/21/19,121395200,2662900,30550000
11/22/19,65325200,2479100,84353000
11/25/19,84020400,3486200,61697500
11/26/19,105207600,3181200,39737000
11/27/19,65235600,3025600,27778000
11/29/19,46617600,1923400,12328000
12/2/19,94487200,3925600,30372500
12/3/19,114430400,3380900,32868500
12/4/19,67181600,2670100,27665000
12/5/19,74424400,2823800,18623000
12/6/19,106075600,3117400,38062000
12/9/19,128042400,2442800,45115500
12/10/19,90420400,2514300,44141500
12/11/19,78756800,2097600,34489000
12/12/19,137310400,3095900,38819500
12/13/19,133587600,2745700,32854500
12/16/19,128186000,3145200,90871000
12/17/19,114158400,3644400,42484000
12/18/19,116028400,3351400,70605000
12/19/19,98369200,2652800,90535500
12/20/19,275978000,5150800,73763500
12/23/19,98572000,2136400,66598000
12/24/19,48478800,881300,40273500
12/26/19,93121200,6005400,53169500
12/27/19,146266000,6186600,49728500
12/30/19,144114400,3674700,62932000
12/31/19,100805600,2506500,51428500
1/2/20,135480400,4029000,47660500
1/3/20,146322800,3764400,88892500
1/6/20,118387200,4061800,50665000
1/7/20,108872000,4044900,89410500
1/8/20,132079200,3508000,155721500
1/9/20,170108400,3167300,142202000
1/10/20,140644800,2853700,64797500
1/13/20,121532000,2780800,132588000
1/14/20,161954400,3440900,144981000
1/15/20,121923600,2896600,86844000
1/16/20,108829200,2659500,108683500
1/17/20,137816400,3997300,68145500
1/21/20,110843200,3707800,89017500
1/22/20,101832400,3216300,156845000
1/23/20,104472000,2484600,98255000
1/24/20,146537600,3766200,71768000
1/27/20,161940000,3528500,68040500
1/28/20,162234000,2808000,58942500
1/29/20,216229200,2088000,89007500
1/30/20,126743200,6327400,145028500
1/31/20,199588400,15567300,78596500
2/3/20,173985600,5899100,236167500
2/4/20,136616400,5289300,304694000
2/5/20,118826800,4376200,242119000
2/6/20,105425600,3183000,199404000
2/7/20,117684000,5095300,85317500
2/10/20,109348800,5056200,123446000
2/11/20,94323200,5746000,58487500
2/12/20,113730400,3334300,60112500
2/13/20,94747600,3031800,131446500
2/14/20,80113600,2606200,78468500
2/18/20,152531200,2945600,81908500
2/19/20,93984000,2561200,127115000
2/20/20,100566000,3131300,88174500
2/21/20,129554000,4646300,71574000
2/24/20,222195200,6547000,75961000
2/25/20,230673600,6219100,86452500
2/26/20,198054800,5224600,70427500
2/27/20,320605600,8144000,121386000
2/28/20,426884800,9493800,122821000
3/2/20,341397200,6761700,100975000
3/3/20,319475600,7534500,128920000
3/4/20,219178400,4772900,75245000
3/5/20,187572800,4748200,54263500
3/6/20,226176800,5273600,63314500
3/9/20,286744800,7813200,85368500
3/10/20,285290000,7133300,77972000
3/11/20,255598800,5624800,66612500
3/12/20,418474000,11346200,94545500
3/13/20,370732000,8809700,113201500
3/16/20,322423600,8917300,102447500
3/17/20,324056000,10917100,119973000
3/18/20,300233600,9645200,118931000
3/19/20,271857200,10399900,150977500
3/20/20,401693200,9817900,141427500
3/23/20,336752800,7808500,82272500
3/24/20,287531200,7147100,114476000
3/25/20,303602000,6479100,106113500
3/26/20,252087200,6221300,86903500
3/27/20,204216800,5387900,71887000
3/30/20,167976400,6126100,59990500
3/31/20,197002000,5123600,88857500
4/1/20,176218400,4121900,66766000
4/2/20,165934000,4336000,99292000
4/3/20,129880000,3609900,22562100
4/6/20,201820400,5773200,14901800
4/7/20,202887200,5114000,17919800
4/8/20,168895200,3977300,12656000
4/9/20,162116400,4655600,13650000
4/13/20,131022800,6716700,22475400
4/14/20,194994800,8087200,30576500
4/15/20,131154400,6866600,23577000
4/16/20,157125200,12038200,20657900
4/17/20,215250000,7930000,13128200
4/20/20,130015200,5770700,14746600
4/21/20,180991600,7476700,20209100
4/22/20,117057200,4218300,14224800
4/23/20,124814400,5066600,13236700
4/24/20,126508800,3831800,13237600
4/27/20,117087600,5645600,20681400
4/28/20,112004800,5269400,15222000
4/29/20,137280800,4591600,16216000
4/30/20,183064000,9534600,28471900
5/1/20,240616800,9772600,32531800
5/4/20,133568000,4865900,19237100
5/5/20,147751200,3242500,16991700
5/6/20,142333600,3117800,11123200
5/7/20,115215200,3396400,11527700
5/8/20,134048000,3211200,16130100
5/11/20,145946400,3259200,16519600
5/12/20,162301200,3074900,15906900
5/13/20,200622400,4782900,19065500
5/14/20,158929200,3648100,13682200
5/15/20,166348400,4235000,10518400
5/18/20,135372400,4366600,11698100
5/19/20,101729600,4320500,9636500
5/20/20,111504800,3998100,7309300
5/21/20,102688800,5114400,12254600
5/22/20,81803200,2867100,9987500
5/26/20,125522000,3568200,8089700
5/27/20,112945200,5056900,11549500
5/28/20,133560800,3190200,7255600
5/29/20,153598000,3529300,11812500
6/1/20,80791200,2928900,14939500
6/2/20,87642800,2529900,13565600
6/3/20,104491200,2671000,7949500
6/4/20,87560400,2948700,8887700
6/5/20,137250400,3306400,7811900
6/8/20,95654400,3970700,14174700
6/9/20,147712400,5176000,11388200
6/10/20,166651600,4946000,18563400
6/11/20,201662400,5800100,15916500
6/12/20,200146000,5429600,16730200
6/15/20,138808800,3865100,15697200
6/16/20,41357200,3585600,14051100
6/17/20,28532000,2951100,9869400
6/18/20,24205100,2487800,9751900
6/19/20,66119000,5777000,8679700
6/22/20,33861300,3208800,6362400
6/23/20,53038900,4231700,6365300
6/24/20,48155800,4526600,10959600
6/25/20,34380600,2968700,9254500
6/26/20,51270100,6483800,8835600
6/29/20,130646000,4223400,45132000
6/30/20,140223200,3769700,84592500
7/1/20,110737200,6363400,66634500
7/2/20,114041600,6593400,86250500
7/6/20,118655600,6880600,102849500
7/7/20,112424400,5257500,107448500
7/8/20,117092000,5037600,81556500
7/9/20,125642800,6388700,58588000
7/10/20,90257200,5486000,116688000
7/13/20,191649200,7720400,194927000
7/14/20,170989200,7231900,117090500
7/15/20,153198000,5788900,81839000
7/16/20,110577600,6394200,71504000
7/17/20,92186800,4761300,46650000
7/20/20,90318000,7598200,85607000
7/21/20,103646000,6135000,80786500
7/22/20,89001600,4104200,70805500
7/23/20,197004400,5656900,121642500
7/24/20,185438800,5632400,96983000
7/27/20,121214000,4170500,80243500
7/28/20,103625600,3126700,79043500
7/29/20,90329200,2974100,47134500
7/30/20,158130000,6128300,38105000
7/31/20,374336800,8085500,61235000
8/3/20,308151200,5074700,44046500
8/4/20,173071600,4694300,42075000
8/5/20,121992000,3930000,24890000
8/6/20,202428800,3940600,29961500
8/7/20,198045600,3929600,44482000
8/10/20,212403600,3167300,37611500
8/11/20,187902400,3718100,43129000
8/12/20,165944800,3527200,109494000
8/13/20,210082000,3149000,102126500
8/14/20,165565200,2751700,62888000
8/17/20,119561600,2691200,101211500
8/18/20,105633600,5346000,82372500
8/19/20,145538000,4185100,61026500
8/20/20,126907200,3332500,103059000
8/21/20,338054800,3575900,107448000
8/24/20,345937600,4666300,100318000
8/25/20,211495600,3992800,53294500
8/26/20,163022400,6508700,71197000
8/27/20,155552400,4264800,118465000
8/28/20,187630000,2897000,100406000
8/31/20,225702700,4185900,118374400
9/1/20,152470100,3476400,90119400
9/2/20,200119000,3931500,96176100
9/3/20,257599600,8161100,87596100
9/4/20,332607200,8781800,110321900
9/8/20,231366600,6094200,115465700
9/9/20,176940500,5188700,79465800
9/10/20,182274400,5330700,84930600
9/11/20,180860300,5094000,60717500
9/14/20,140150100,4529600,83020600
9/15/20,184642000,4021500,97298200
9/16/20,154679000,4512200,72279300
9/17/20,178011000,6449100,76779200
9/18/20,287104900,8892600,86406800
9/21/20,195713800,6117900,109476800
9/22/20,183055400,6948800,79580800
9/23/20,150718700,5652700,95074200
9/24/20,167743300,5529400,96561100
9/25/20,149981400,4615200,67208500
9/28/20,137672400,4224200,49719600
9/29/20,99382200,3495800,50219300
9/30/20,142675200,4883400,48145600
10/1/20,116120400,4971900,50741500
10/2/20,144712000,5613100,71430000
10/5/20,106243800,3775300,44722800
10/6/20,161498200,5086900,49146300
10/7/20,96849000,4309400,43127700
10/8/20,83477200,3174100,40421100
10/9/20,100506900,4907900,28925700
10/12/20,240226800,8364200,38791100
10/13/20,262330500,5744700,34463700
10/14/20,151062300,5828900,48045400
10/15/20,112559200,5223400,35672400
10/16/20,115393800,6474400,32775900
10/19/20,120639300,5223600,36287800
10/20/20,124423700,4509700,31656300
10/21/20,89946000,4592700,32370500
10/22/20,101988000,4212000,39993200
10/23/20,82572600,3466700,33717000
10/26/20,111850700,5901200,28239200
10/27/20,92276800,4291000,22686500
10/28/20,143937800,5588300,25451400
10/29/20,146129200,6596500,22655300
10/30/20,190272600,8386400,42511300
11/2/20,122866900,7257400,29021100
11/3/20,107624400,4897900,34351700
11/4/20,138235500,6839000,32143100
11/5/20,126387100,5789300,28414500
11/6/20,114457900,4647300,21706000
11/9/20,154515300,7190400,34833000
11/10/20,138023400,6591000,30284200
11/11/20,112295000,4366900,17357700
11/12/20,103162300,4362000,19855100
11/13/20,81581900,3756200,19771100
11/16/20,91183000,3808700,26838600
11/17/20,74271000,3444700,61188300
11/18/20,76322100,2916800,78044000
11/19/20,74113000,3010300,62475300
11/20/20,73604300,3374400,32807300
11/23/20,127959300,4708900,50260300
11/24/20,113874200,3602100,53648500
11/25/20,76499200,3790400,48930200
11/27/20,46691300,2392900,37561100
11/30/20,169410200,4063900,63003100
12/1/20,128166800,4544400,40382800
12/2/20,89004200,3129300,47775700
12/3/20,78967600,2892000,42552000
12/4/20,78260400,2913600,29401300
12/7/20,86712000,2751300,56309700
12/8/20,82225500,3286300,64265000
12/9/20,115089200,4100800,71291200
12/10/20,81312200,3030200,67083200
12/11/20,86939800,3064700,46475000
12/14/20,79184500,4155800,52040600
12/15/20,157572300,3323700,45223600
12/16/20,98208600,4427600,42095800
12/17/20,94359800,3474300,56270100
12/18/20,192541500,5995700,222126200
12/21/20,121251600,3836800,58045300
12/22/20,168904800,2369400,51716000
12/23/20,88223700,2093800,33173000
12/24/20,54930100,1451900,22865600